time,hy_grad,avg_flux,Sensor(-0.55m),Sensor(-0.45m),Sensor(-0.35m),Sensor(-0.25m),Sensor(-0.15m),Sensor(-0.05m)
4/1/2017 0:00,0.071088435,-0.063456649,-0.0686975,-0.06818756,-0.06742175,-0.06628142,-0.0635141,-0.04106231
4/1/2017 1:00,0.072891156,-0.064973424,-0.07033905,-0.06981732,-0.06903341,-0.06786602,-0.06503295,-0.04204441
4/1/2017 2:00,0.069336735,-0.06176951,-0.06687067,-0.06637462,-0.06562924,-0.0645193,-0.0618261,-0.03997118
4/1/2017 3:00,0.061343537,-0.054644514,-0.05915796,-0.05871873,-0.05805889,-0.05707657,-0.05469387,-0.03535999
4/1/2017 4:00,0.062261905,-0.055379943,-0.05995395,-0.05950899,-0.0588404,-0.05784498,-0.05543015,-0.03583595
4/1/2017 5:00,0.055340136,-0.049218541,-0.05328468,-0.05288873,-0.05229398,-0.05140873,-0.04926194,-0.03184781
4/1/2017 6:00,0.061785714,-0.054798111,-0.05932434,-0.0588841,-0.05822244,-0.05723732,-0.05484735,-0.03545892
4/1/2017 7:00,0.049438776,-0.043943109,-0.04757462,-0.04722066,-0.04668908,-0.04589804,-0.04398027,-0.02843269
4/1/2017 8:00,0.052823129,-0.04684167,-0.05071275,-0.05033567,-0.04976914,-0.04892594,-0.04688099,-0.03030771
4/1/2017 9:00,0.047465986,-0.042126021,-0.04560941,-0.04526953,-0.04475914,-0.0439997,-0.04215862,-0.02725382
4/1/2017 10:00,0.051581633,-0.045727066,-0.04950946,-0.04914024,-0.04858573,-0.04776067,-0.04576057,-0.02958168
4/1/2017 11:00,0.052380952,-0.046424463,-0.0502666,-0.04989099,-0.04932708,-0.0484883,-0.04645562,-0.03003017
4/1/2017 12:00,0.049880952,-0.044261616,-0.047927,-0.04756784,-0.04702903,-0.04622809,-0.04428841,-0.02862861
4/1/2017 13:00,0.040663265,-0.036223987,-0.03922583,-0.03893089,-0.03848886,-0.03783225,-0.03624326,-0.02342748
4/1/2017 14:00,0.04707483,-0.041897497,-0.04537085,-0.04502913,-0.04451724,-0.04375713,-0.0419179,-0.02709508
4/1/2017 15:00,0.040833333,-0.036473073,-0.03949762,-0.03919931,-0.03875297,-0.03809076,-0.03649006,-0.02358704
4/1/2017 16:00,0.036853741,-0.033033399,-0.03577251,-0.03550188,-0.03509742,-0.03449784,-0.03304951,-0.02136392
4/1/2017 17:00,0.033996599,-0.030572329,-0.03310687,-0.03285632,-0.03248215,-0.03192766,-0.03058808,-0.0197732
4/1/2017 18:00,0.037908163,-0.034041754,-0.03686214,-0.03658377,-0.03616802,-0.03555177,-0.03406162,-0.0220193
4/1/2017 19:00,0.031241497,-0.028211166,-0.03054824,-0.03031746,-0.02997301,-0.02946251,-0.02822804,-0.01824833
4/1/2017 20:00,0.034370748,-0.031004767,-0.03357101,-0.03331822,-0.03294073,-0.03238098,-0.03102632,-0.02005831
4/1/2017 21:00,0.019642857,-0.017997846,-0.01948847,-0.01934109,-0.01912137,-0.0187959,-0.01800934,-0.01164275
4/1/2017 22:00,0.03255102,-0.02942992,-0.03186306,-0.03162422,-0.0312673,-0.03073761,-0.02945394,-0.0190427
4/1/2017 23:00,0.023894558,-0.021775244,-0.02357543,-0.02339871,-0.02313469,-0.02274283,-0.02179318,-0.0140898
4/2/2017 0:00,0.016207483,-0.014990259,-0.01623018,-0.01610815,-0.01592603,-0.01565589,-0.01500184,-0.009698832
4/2/2017 1:00,0.028095238,-0.025499764,-0.0276058,-0.02739993,-0.0270919,-0.02663415,-0.02552326,-0.01650183
4/2/2017 2:00,0.030306122,-0.027467777,-0.02973519,-0.02951409,-0.02918296,-0.0286905,-0.02749446,-0.01777649
4/2/2017 3:00,0.030646259,-0.027767827,-0.0300592,-0.02983614,-0.02950183,-0.02900437,-0.0277958,-0.0179715
4/2/2017 4:00,0.026904762,-0.024437199,-0.02645346,-0.02625731,-0.02596322,-0.02552552,-0.0244622,-0.01581621
4/2/2017 5:00,0.021666667,-0.019801527,-0.0214356,-0.02127649,-0.021038,-0.02068315,-0.01982149,-0.01281565
4/2/2017 6:00,0.025561224,-0.023229666,-0.02514565,-0.02495965,-0.02468049,-0.02426473,-0.02325419,-0.01503513
4/2/2017 7:00,0.033078231,-0.029862553,-0.03232416,-0.03208614,-0.03172824,-0.03119452,-0.02989558,-0.01932916
4/2/2017 8:00,0.016343537,-0.015057438,-0.01630011,-0.01617938,-0.01599814,-0.01572819,-0.01507229,-0.009744548
4/2/2017 9:00,0.026156463,-0.023726009,-0.02568326,-0.02549398,-0.02520918,-0.02478425,-0.02374991,-0.01535434
4/2/2017 10:00,0.015085034,-0.013940595,-0.01509241,-0.01498053,-0.01481241,-0.01456175,-0.01395217,-0.009019093
4/2/2017 11:00,0.020017007,-0.018304701,-0.01981745,-0.01967093,-0.0194503,-0.01912088,-0.01831892,-0.01184116
4/2/2017 12:00,0.016547619,-0.015246105,-0.01650752,-0.01638509,-0.01620074,-0.01592547,-0.01525587,-0.009860463
4/2/2017 13:00,0.014115646,-0.013113594,-0.01419965,-0.014094,-0.01393493,-0.01369745,-0.01312051,-0.008479865
4/2/2017 14:00,0.014608844,-0.01354259,-0.0146653,-0.01455594,-0.01439123,-0.01414532,-0.01354805,-0.008755521
4/2/2017 15:00,0.021207483,-0.019401183,-0.02101014,-0.02085328,-0.02061686,-0.02026399,-0.01940837,-0.0125432
4/2/2017 16:00,0.019897959,-0.018270191,-0.0197857,-0.01963747,-0.01941424,-0.01908157,-0.01827701,-0.01181294
4/2/2017 17:00,0.016343537,-0.015133222,-0.01638882,-0.01626563,-0.01608034,-0.01580463,-0.01513883,-0.009785043
4/2/2017 18:00,0.014914966,-0.013868946,-0.01501958,-0.01490641,-0.01473641,-0.0144838,-0.01387449,-0.008968361
4/2/2017 19:00,0.015289116,-0.014220729,-0.01539981,-0.01528379,-0.01510964,-0.01485111,-0.01422767,-0.00919739
4/2/2017 20:00,0.010017007,-0.009539371,-0.01033038,-0.01025234,-0.0101354,-0.009961974,-0.009544106,-0.006169874
4/2/2017 21:00,-0.000119048,-0.000526671,-0.000571557,-0.000566648,-0.000559543,-0.000549222,-0.000525461,-0.000339294
4/2/2017 22:00,0.00042517,-0.000998194,-0.001081681,-0.001073161,-0.001060531,-0.001041922,-0.000997824,-0.000644858
4/2/2017 23:00,-0.00712585,0.00568817,0.006157094,0.006111515,0.006043203,0.005941781,0.005694632,0.003682063
4/3/2017 0:00,-0.006955782,0.005532642,0.005989275,0.005944676,0.005877963,0.005779007,0.005538272,0.003580754
4/3/2017 1:00,-0.004829932,0.003661458,0.003964273,0.003934413,0.00388993,0.003824105,0.003664451,0.002369025
4/3/2017 2:00,-0.011666667,0.009711817,0.01051363,0.01043535,0.01031821,0.01014429,0.009721239,0.006284977
4/3/2017 3:00,-0.009591837,0.007865758,0.00851532,0.008451871,0.008356936,0.008215977,0.007873159,0.005090031
4/3/2017 4:00,-0.010833333,0.008968899,0.009709543,0.009637264,0.009529066,0.009368324,0.008977294,0.005803781
4/3/2017 5:00,-0.010833333,0.008981203,0.009723008,0.009650605,0.00954222,0.009381161,0.008989379,0.00581146
4/3/2017 6:00,-0.01797619,0.015289678,0.01655185,0.01642909,0.01624502,0.01597115,0.01530427,0.009894033
4/3/2017 7:00,-0.00292517,0.001959601,0.002122663,0.002106197,0.002081901,0.002046098,0.001959976,0.00126664
4/3/2017 8:00,-0.005289116,0.004061833,0.004397969,0.004364927,0.004315614,0.004242403,0.004064703,0.002627407
4/3/2017 9:00,0.006853741,-0.006698645,-0.007249783,-0.007196622,-0.007116572,-0.00699753,-0.00670774,-0.004337912
4/3/2017 10:00,0.019472789,-0.017885527,-0.01935925,-0.01921656,-0.01900226,-0.01868351,-0.01790656,-0.01157807
4/3/2017 11:00,0.016020408,-0.014830811,-0.01605432,-0.01593567,-0.0157576,-0.0154925,-0.01484586,-0.009597736
4/3/2017 12:00,0.033996599,-0.030759939,-0.03330037,-0.03305399,-0.03268382,-0.03213186,-0.0307865,-0.01990133
4/3/2017 13:00,0.036615646,-0.033113511,-0.03585158,-0.03558552,-0.03518554,-0.03458896,-0.03313743,-0.02141981
4/3/2017 14:00,0.024047619,-0.021986469,-0.02380714,-0.02362946,-0.02336256,-0.02296476,-0.02199883,-0.01421892
4/3/2017 15:00,0.025969388,-0.023717961,-0.02568322,-0.02549104,-0.02520235,-0.02477233,-0.02372984,-0.0153378
4/3/2017 16:00,0.015238095,-0.014180401,-0.01535645,-0.01524105,-0.01506789,-0.01481016,-0.01418619,-0.009168908
4/3/2017 17:00,0.001088435,-0.001588019,-0.001721133,-0.001707448,-0.0016873,-0.001657636,-0.00158703,-0.001025192
4/3/2017 18:00,-0.002755102,0.001828427,0.001978657,0.001964319,0.001942601,0.00191021,0.001831048,0.00118427
4/3/2017 19:00,-0.013418367,0.011291852,0.01222361,0.01213294,0.01199678,0.0117945,0.0113035,0.007308765
4/3/2017 20:00,-0.023367347,0.020111004,0.02177086,0.02160923,0.02136662,0.02100615,0.02013125,0.01301633
4/3/2017 21:00,-0.026479592,0.022873461,0.02476111,0.02457748,0.02430176,0.02389188,0.02289661,0.01480417
4/3/2017 22:00,-0.028231293,0.024427269,0.02644309,0.02624711,0.02595278,0.02551507,0.02445193,0.0158096
4/3/2017 23:00,-0.019013605,0.016229994,0.01757046,0.01743967,0.01724353,0.01695207,0.01624502,0.01050298
4/4/2017 0:00,-0.019965986,0.017080813,0.01849134,0.01835386,0.01814759,0.01784097,0.01709682,0.01105365
4/4/2017 1:00,-0.001258503,0.000491629,0.000534353,0.000529211,0.000522077,0.000512052,0.0004896,0.000315991
4/4/2017 2:00,0.008367347,-0.008070144,-0.008734674,-0.008670966,-0.008574616,-0.008430577,-0.008079744,-0.005224492
4/4/2017 3:00,0.019030612,-0.017542427,-0.0189893,-0.01884914,-0.01863814,-0.01832385,-0.01756096,-0.01135491
4/4/2017 4:00,0.024404762,-0.02231089,-0.0241513,-0.02397249,-0.02370382,-0.02330419,-0.02233458,-0.01444164
4/4/2017 5:00,0.026088435,-0.023807187,-0.02577075,-0.02557981,-0.02529324,-0.02486718,-0.023833,-0.01541053
4/4/2017 6:00,0.029744898,-0.027046841,-0.02927703,-0.02906037,-0.02873528,-0.02825173,-0.02707678,-0.01750767
4/4/2017 7:00,0.038214286,-0.034532619,-0.03737925,-0.03710335,-0.03668907,-0.03607217,-0.03457141,-0.02235307
4/4/2017 8:00,0.03537415,-0.031991839,-0.03462977,-0.03437422,-0.03399032,-0.03341828,-0.03202643,-0.02070663
4/4/2017 9:00,0.039353741,-0.035504014,-0.03843318,-0.0381495,-0.037723,-0.03708705,-0.03553971,-0.02297672
4/4/2017 10:00,0.052789116,-0.047364304,-0.05127445,-0.05089585,-0.05032597,-0.04947578,-0.04740803,-0.03064813
4/4/2017 11:00,0.051292517,-0.046032877,-0.04983711,-0.04946775,-0.04891187,-0.04808306,-0.04607008,-0.02978178
4/4/2017 12:00,0.054115646,-0.048541304,-0.05255644,-0.05216548,-0.05157737,-0.05070126,-0.04857594,-0.03140071
4/4/2017 13:00,0.057295918,-0.051413643,-0.05567048,-0.05525449,-0.05462942,-0.05369923,-0.05144511,-0.03325426
4/4/2017 14:00,0.059795918,-0.053685084,-0.0581328,-0.05769658,-0.05704209,-0.05606939,-0.05371483,-0.03472142
4/4/2017 15:00,0.045442177,-0.04101548,-0.04441578,-0.04408095,-0.04357952,-0.04283525,-0.04103576,-0.02652549
4/4/2017 16:00,0.048333333,-0.043648124,-0.04726637,-0.04690961,-0.04637589,-0.04558422,-0.04367049,-0.02822937
4/4/2017 17:00,0.04287415,-0.038865423,-0.04208632,-0.04176842,-0.04129335,-0.04058906,-0.03888694,-0.02513822
4/4/2017 18:00,0.035442177,-0.032274506,-0.03494853,-0.03468442,-0.03429007,-0.0337057,-0.03229353,-0.02087657
4/4/2017 19:00,0.026683673,-0.024470829,-0.02649773,-0.02629754,-0.02599877,-0.02555608,-0.02448612,-0.01582968
4/4/2017 20:00,0.018061224,-0.016778167,-0.01816779,-0.01803047,-0.01782562,-0.01752215,-0.01678887,-0.01085373
4/4/2017 21:00,0.001989796,-0.002405098,-0.002606088,-0.002585443,-0.002555076,-0.002510529,-0.002404522,-0.001554002
4/4/2017 22:00,-0.000510204,-0.000176252,-0.000192021,-0.00018997,-0.000187165,-0.000183283,-0.000174973,-0.000112803
4/4/2017 23:00,-0.02122449,0.018286036,0.01979426,0.01964787,0.01942824,0.01910134,0.01830518,0.01183514
4/5/2017 0:00,-0.030153061,0.026246989,0.02841249,0.02820213,0.02788654,0.02741687,0.02627364,0.01698685
4/5/2017 1:00,-0.031462585,0.027391004,0.02965137,0.02943169,0.0291021,0.02861162,0.02741821,0.01772664
4/5/2017 2:00,-0.033214286,0.028933271,0.03132113,0.03108907,0.03074083,0.03022253,0.0289617,0.01872441
4/5/2017 3:00,-0.035136054,0.030631301,0.03315944,0.03291378,0.03254506,0.0319962,0.03066118,0.01982305
4/5/2017 3:59,-0.032823129,0.028565469,0.03092354,0.03069429,0.03035022,0.02983808,0.02859277,0.01848559
4/5/2017 4:59,-0.028860544,0.025024087,0.02709051,0.02688937,0.02658759,0.02613853,0.02504714,0.01619304
4/5/2017 5:59,-0.026564626,0.022969177,0.02486613,0.02468144,0.02440435,0.02399202,0.02299004,0.01486299
4/5/2017 6:59,-0.016326531,0.01388055,0.01502817,0.01491589,0.01474776,0.01449786,0.01389164,0.008980488
4/5/2017 7:59,-0.015952381,0.013540495,0.01466001,0.0145505,0.0143865,0.01414272,0.01355128,0.008760423
4/5/2017 8:59,-0.020986395,0.018001223,0.01948799,0.0193433,0.01912614,0.0188029,0.01801735,0.01164803
4/5/2017 9:59,-0.023146259,0.019929794,0.02157552,0.02141552,0.02117527,0.02081752,0.01994803,0.01289637
4/5/2017 10:59,-0.019863946,0.016996074,0.01840011,0.01826335,0.01805811,0.01775265,0.01701097,0.01099754
4/5/2017 11:59,-0.022278912,0.0191433,0.02072428,0.02057045,0.02033946,0.01999558,0.01916064,0.01238764
4/5/2017 12:59,-0.016564626,0.014070215,0.01523309,0.01511952,0.01494919,0.01469588,0.01408198,0.009104214
4/5/2017 13:59,-0.00579932,0.004507088,0.004881589,0.004844115,0.004788407,0.00470608,0.004508472,0.002914425
4/5/2017 14:59,0.001173469,-0.001674796,-0.001811035,-0.001798871,-0.001779982,-0.001751143,-0.001678623,-0.001085337
4/5/2017 15:59,0.023112245,-0.021209684,-0.02296396,-0.02279427,-0.02253826,-0.02215542,-0.02122343,-0.01371804
4/5/2017 16:59,0.025935374,-0.023751583,-0.02571785,-0.02552639,-0.02523806,-0.02480809,-0.02376567,-0.01536227
4/5/2017 17:59,0.035442177,-0.03230312,-0.03497749,-0.03471568,-0.03432242,-0.03373771,-0.03232361,-0.02089624
4/5/2017 18:59,0.03207483,-0.029316013,-0.03174282,-0.03150442,-0.03114717,-0.03061705,-0.02933581,-0.01896566
4/5/2017 19:59,0.038129252,-0.03477124,-0.03764816,-0.03736525,-0.03694207,-0.03631463,-0.03479717,-0.02249726
4/5/2017 20:59,0.047108844,-0.042867796,-0.04641138,-0.04606369,-0.04554382,-0.04477257,-0.04290387,-0.02773905
4/5/2017 21:59,0.045034014,-0.041032571,-0.04442309,-0.04409085,-0.04359414,-0.04285679,-0.04106867,-0.02655245
4/5/2017 22:59,0.054353741,-0.049421156,-0.05350189,-0.05310363,-0.05250734,-0.0516208,-0.04946769,-0.0319827
4/5/2017 23:59,0.044982993,-0.041030124,-0.04441799,-0.04408763,-0.04359273,-0.04285654,-0.04106857,-0.02655198
4/6/2017 0:59,0.046615646,-0.042486553,-0.04599371,-0.04565242,-0.04514056,-0.04437857,-0.04252739,-0.02749518
4/6/2017 1:59,0.046037415,-0.041962079,-0.04542547,-0.04508896,-0.04458377,-0.04383128,-0.04200282,-0.02715589
4/6/2017 2:59,0.030306122,-0.027831369,-0.03012907,-0.02990557,-0.0295701,-0.02907059,-0.02785775,-0.01801067
4/6/2017 3:59,0.01329932,-0.012561325,-0.01359982,-0.01349807,-0.01334578,-0.01311949,-0.01257161,-0.008127586
4/6/2017 4:59,0.001292517,-0.001793687,-0.001944135,-0.001928374,-0.001905399,-0.001871873,-0.001792631,-0.001158449
4/6/2017 5:59,-0.002840136,0.001906175,0.002061889,0.002047608,0.002025616,0.001992313,0.001909859,0.001235053
4/6/2017 6:59,-0.005289116,0.004117557,0.004456963,0.004424402,0.004375185,0.004301539,0.004121914,0.002664782
4/6/2017 7:59,-0.012210884,0.010329981,0.01118277,0.01110032,0.01097609,0.01079063,0.01033937,0.006684089
4/6/2017 8:59,-0.018605442,0.016044861,0.01736977,0.01724148,0.01704834,0.0167601,0.01605908,0.01038169
4/6/2017 9:59,-0.013809524,0.011744835,0.01271548,0.01262114,0.0124793,0.01226785,0.01175428,0.007598536
4/6/2017 10:59,-0.01414966,0.012046257,0.01304189,0.01294507,0.01279954,0.0125826,0.01205586,0.007793539
4/6/2017 11:59,-0.009251701,0.007666321,0.008300578,0.008238623,0.008145644,0.008007198,0.007671693,0.004959258
4/6/2017 12:59,-0.002840136,0.001922299,0.002082495,0.002066363,0.002042412,0.002007002,0.001922251,0.001242301
4/6/2017 13:59,-0.001020408,0.000286313,0.000311215,0.00030829,0.000304155,0.000298248,0.000285032,0.000183938
4/6/2017 14:59,0.001037415,-0.001572423,-0.001701286,-0.001689213,-0.001670852,-0.001643253,-0.001574994,-0.001018323
4/6/2017 15:59,0.015867347,-0.014864924,-0.01609161,-0.01597342,-0.01579518,-0.01552876,-0.01487868,-0.009618227
4/6/2017 16:59,0.01755102,-0.016381447,-0.01773438,-0.01760356,-0.0174064,-0.01711198,-0.01639537,-0.01059875
4/6/2017 17:59,0.007431973,-0.007307337,-0.007911395,-0.007852706,-0.007764418,-0.007632742,-0.007312947,-0.004727367
4/6/2017 18:59,0.017363946,-0.016220091,-0.01756067,-0.01743039,-0.01723434,-0.01694211,-0.01623306,-0.01049428
4/6/2017 19:59,0.019030612,-0.017714097,-0.01917802,-0.01903563,-0.01882143,-0.01850238,-0.01772866,-0.0114615
4/6/2017 20:59,0.014540816,-0.013671992,-0.014802,-0.01469196,-0.01452653,-0.01428028,-0.01368315,-0.008846084
4/6/2017 21:59,0.008316327,-0.008095794,-0.008765369,-0.008699962,-0.008601774,-0.008455732,-0.008101865,-0.005237631
4/6/2017 22:59,0.004693878,-0.004842144,-0.005242799,-0.005203583,-0.005144767,-0.005057327,-0.004845561,-0.003132439
4/6/2017 23:59,-0.009489796,0.007881614,0.00853159,0.008468734,0.008374102,0.008233104,0.007889937,0.005101297
4/7/2017 0:59,-0.004506803,0.003415,0.003697556,0.003669812,0.003628288,0.003566664,0.003417508,0.002209377
4/7/2017 1:59,-0.015136054,0.012947853,0.01401763,0.01391328,0.01375673,0.01352395,0.01295915,0.008378224
4/7/2017 2:59,-0.025714286,0.022432997,0.02428522,0.02410516,0.02383464,0.02343203,0.02245399,0.01451696
4/7/2017 3:59,-0.028809524,0.025194123,0.02727405,0.02707203,0.02676841,0.02631638,0.02521796,0.0163039
4/7/2017 4:59,-0.021751701,0.018861907,0.0204202,0.02026837,0.02004046,0.0197014,0.01887839,0.01220486
4/7/2017 5:59,-0.016173469,0.013854901,0.01500034,0.01488839,0.01472055,0.01447104,0.01386604,0.008964104
4/7/2017 6:59,-0.012482993,0.010554803,0.01142786,0.01134234,0.01121424,0.01102391,0.01056275,0.006828444
4/7/2017 7:59,2.94E-03,-0.003261959,-0.003529018,-0.003504067,-0.003465968,-0.003408677,-0.003267697,-0.002113365
4/7/2017 8:59,0.012670068,-0.011979137,-0.01296638,-0.01287118,-0.01272769,-0.01251367,-0.01199257,-0.007754138
4/7/2017 9:59,0.018469388,-0.017188611,-0.01860677,-0.01846943,-0.01826279,-0.01795489,-0.01720586,-0.01112412
4/7/2017 10:59,0.026989796,-0.024832314,-0.02688286,-0.02668388,-0.02638469,-0.02593893,-0.02485472,-0.0160682
4/7/2017 11:59,0.039880952,-0.036422149,-0.03943169,-0.03913918,-0.03869948,-0.03804439,-0.03645229,-0.02356504
4/7/2017 12:59,0.028690476,-0.026383316,-0.02856559,-0.02835285,-0.0280333,-0.02755746,-0.02640213,-0.01706697
4/7/2017 13:59,0.035969388,-0.032971177,-0.03570041,-0.03543379,-0.03503343,-0.03443751,-0.03299194,-0.02132609
4/7/2017 14:59,0.034098639,-0.031323251,-0.03391768,-0.03366374,-0.03328258,-0.03271548,-0.03134086,-0.02025834
4/7/2017 15:59,0.026530612,-0.024552384,-0.02658756,-0.02638781,-0.02608825,-0.02564284,-0.02456419,-0.01587746
4/7/2017 16:59,0.025595238,-0.023719736,-0.02568572,-0.0254925,-0.02520288,-0.02477256,-0.02373174,-0.01534025
4/7/2017 17:59,0.014846939,-0.014038465,-0.01520239,-0.01508761,-0.01491581,-0.01466087,-0.0140454,-0.009079303
4/7/2017 18:59,0.025085034,-0.02330107,-0.02522985,-0.02504025,-0.02475632,-0.02433503,-0.02331702,-0.01507468
4/7/2017 19:59,0.012908163,-0.012297503,-0.01331558,-0.01321513,-0.01306499,-0.01284257,-0.0123061,-0.007956444
4/7/2017 20:59,0.016445578,-0.015499629,-0.01678099,-0.01665485,-0.01646634,-0.01618714,-0.01551311,-0.01003096
4/7/2017 21:59,0.018537415,-0.01738674,-0.01882232,-0.01868144,-0.01847089,-0.01815895,-0.01740425,-0.0112543
4/7/2017 22:59,0.022738095,-0.021176317,-0.02292282,-0.02275217,-0.02249698,-0.02211845,-0.02119996,-0.01370876
4/7/2017 23:59,0.01202381,-0.011501352,-0.01245048,-0.01235746,-0.01221856,-0.0120127,-0.01151352,-0.007444904
4/8/2017 0:59,0.010765306,-0.010356787,-0.01121131,-0.01112766,-0.01100274,-0.0108175,-0.01036786,-0.00670395
4/8/2017 1:59,0.019234694,-0.017999674,-0.01948311,-0.01933888,-0.01912297,-0.01880199,-0.01802062,-0.01165213
4/8/2017 2:59,0.035527211,-0.032676959,-0.03536854,-0.03510835,-0.03471778,-0.03413557,-0.03271588,-0.02115327
4/8/2017 3:59,0.019608844,-0.018306231,-0.01981488,-0.0196689,-0.01944974,-0.01912303,-0.01832695,-0.01184937
4/8/2017 4:59,0.012244898,-0.011672291,-0.0126348,-0.01254145,-0.01240141,-0.01219273,-0.01168479,-0.007554699
4/8/2017 5:59,0.006564626,-0.006554721,-0.007095796,-0.007043053,-0.006964077,-0.00684657,-0.006561078,-0.004241896
4/8/2017 6:59,0.00537415,-0.005461767,-0.005912359,-0.005868552,-0.005802881,-0.005705114,-0.00546738,-0.00353489
4/8/2017 7:59,0.004353741,-0.004540035,-0.004914476,-0.004878114,-0.004823577,-0.004742374,-0.004544834,-0.002938477
4/8/2017 8:59,0.00542517,-0.0055014,-0.005954637,-0.005910892,-0.005845107,-0.005746987,-0.005507768,-0.003561121
4/8/2017 9:59,0.011666667,-0.011123051,-0.01203928,-0.01195116,-0.01181837,-0.01162003,-0.01113592,-0.00719977
4/8/2017 10:59,0.012278912,-0.011675169,-0.01263756,-0.01254493,-0.01240533,-0.01219675,-0.01168764,-0.007555935
4/8/2017 11:59,0.018962585,-0.017682436,-0.01914141,-0.01900088,-0.01878894,-0.01847212,-0.01769918,-0.01144143
4/8/2017 12:59,0.030884354,-0.028420304,-0.03076832,-0.03054155,-0.03019944,-0.02968812,-0.02844301,-0.01838555
4/8/2017 13:59,0.025,-0.023124147,-0.02503704,-0.02485153,-0.02457186,-0.02415428,-0.02313954,-0.01495673
4/8/2017 14:59,0.030901361,-0.0284466,-0.03080079,-0.03057181,-0.03022679,-0.02971231,-0.02846477,-0.01839963
4/8/2017 15:59,0.031581633,-0.029078571,-0.03148449,-0.03124975,-0.03089657,-0.03037093,-0.02909898,-0.01881159
4/8/2017 16:59,0.028537415,-0.026345814,-0.02852601,-0.02831287,-0.02799262,-0.02751648,-0.02636403,-0.0170434
4/8/2017 17:59,0.028129252,-0.025982993,-0.02813315,-0.0279228,-0.027607,-0.02713765,-0.02600101,-0.01680862
4/8/2017 18:59,0.013469388,-0.012770846,-0.0138286,-0.01372462,-0.01356885,-0.01333762,-0.01277867,-0.008260735
4/8/2017 19:59,0.019081633,-0.017842649,-0.01931876,-0.01917416,-0.01895733,-0.01863528,-0.01785583,-0.01154369
4/8/2017 20:59,0.014234694,-0.013469366,-0.01458318,-0.01447406,-0.0143105,-0.01406766,-0.01348014,-0.00871532
4/8/2017 21:59,0.009540816,-0.009240878,-0.01000476,-0.009929893,-0.009817727,-0.009651273,-0.009248743,-0.005979902
4/8/2017 22:59,0.005527211,-0.005614514,-0.006078602,-0.006033062,-0.00596487,-0.005863745,-0.005619388,-0.003633433
4/8/2017 23:59,0.003639456,-0.003910974,-0.004233798,-0.004202281,-0.004154996,-0.004084812,-0.003914941,-0.002531572
4/9/2017 0:59,-0.009047619,0.00752551,0.008146368,0.008086226,0.007995875,0.00786123,0.00753307,0.004870097
4/9/2017 1:59,-0.006479592,0.005211989,0.005642454,0.005600555,0.005537744,0.005444236,0.005216661,0.003372318
4/9/2017 2:59,-0.009013605,0.007484629,0.008103149,0.008042837,0.007952463,0.007817959,0.007490855,0.004842364
4/9/2017 3:59,-0.019608844,0.017035511,0.01844226,0.01830567,0.01810056,0.01779495,0.01705078,0.01102265
4/9/2017 4:59,-0.013520408,0.011552367,0.01250721,0.01241414,0.01227461,0.01206688,0.01156166,0.007473772
4/9/2017 5:59,-0.015493197,0.01332459,0.01442613,0.01431873,0.0141577,0.01391795,0.01333498,0.008619981
4/9/2017 6:59,-0.015663265,0.013479899,0.0145944,0.01448573,0.01432279,0.01408017,0.01349021,0.00872023
4/9/2017 7:59,-0.011207483,0.009459444,0.01024225,0.01016564,0.01005094,0.00988027,0.009465813,0.006118517
4/9/2017 8:59,-0.018316327,0.015861803,0.01717265,0.0170452,0.01685383,0.01656859,0.01587452,0.01026166
4/9/2017 9:59,0.001462585,-0.001947086,-0.00210584,-0.002091158,-0.002068669,-0.002034921,-0.001951435,-0.001262462
4/9/2017 10:59,0.015289116,-0.014365269,-0.01554788,-0.01543398,-0.0152626,-0.01500734,-0.01438326,-0.009299726
4/9/2017 11:59,0.034098639,-0.031255096,-0.03383304,-0.03358398,-0.03320941,-0.03265075,-0.03128676,-0.02022593
4/9/2017 12:59,0.037057823,-0.033923901,-0.03672632,-0.03645485,-0.03604644,-0.03543693,-0.03395195,-0.02194701
4/9/2017 13:59,0.048401361,-0.044136716,-0.04778698,-0.04743207,-0.04689812,-0.04610198,-0.0441681,-0.02855072
4/9/2017 14:59,0.058571429,-0.05331419,-0.05772637,-0.05729564,-0.05664834,-0.05568481,-0.05334943,-0.03448657
4/9/2017 15:59,0.036530612,-0.033510996,-0.03628669,-0.03601444,-0.03560609,-0.03499919,-0.03353055,-0.02167479
4/9/2017 16:59,0.032380952,-0.029793239,-0.03226153,-0.03201903,-0.03165562,-0.03111585,-0.02981011,-0.01926985
4/9/2017 17:59,0.016802721,-0.015773943,-0.0170815,-0.0169527,-0.0167599,-0.01647372,-0.01578202,-0.01020158
4/9/2017 18:59,-0.011326531,0.009571502,0.0103597,0.01028377,0.01016936,0.009998886,0.009583132,0.006196625
4/9/2017 19:59,-0.024404762,0.02135287,0.0231142,0.02294331,0.0226865,0.02230446,0.02137526,0.01382056
4/9/2017 20:59,-0.033690476,0.029708417,0.03216043,0.03192201,0.03156402,0.03103158,0.02973771,0.0192268
4/9/2017 21:59,-0.044183673,0.039135546,0.04236544,0.04205169,0.04158036,0.04087899,0.03917415,0.02532764
4/9/2017 22:59,-0.04287415,0.037961204,0.04109483,0.04079031,0.04033287,0.03965211,0.03799771,0.02456662
4/9/2017 23:59,-0.052789116,0.046874314,0.05074153,0.05036695,0.04980344,0.04896396,0.04692171,0.03033661
4/10/2017 0:59,-0.035153061,0.031008739,0.03356988,0.03332057,0.03294625,0.03238927,0.03103665,0.02006543
4/10/2017 1:59,-0.016564626,0.014274022,0.01545539,0.01533932,0.01516569,0.01490793,0.01428401,0.009233974
4/10/2017 2:59,-0.005,0.003884641,0.00420853,0.00417563,0.004127059,0.004055573,0.003884567,0.002510486
4/10/2017 3:59,-0.00292517,0.002005784,0.002173696,0.002156336,0.002130889,0.002093604,0.002004963,0.001295511
4/10/2017 4:59,-0.000323129,-0.000324193,-0.000349328,-0.000347622,-0.000344604,-0.000339695,-0.000326399,-0.000211577
4/10/2017 5:59,0.009914966,-0.009557002,-0.0103436,-0.01026788,-0.01015372,-0.009983585,-0.009569307,-0.006188091
4/10/2017 6:59,0.010952381,-0.010475812,-0.01133839,-0.01125517,-0.01112989,-0.01094328,-0.01048887,-0.006782481
4/10/2017 7:59,0.013486395,-0.012753512,-0.01380408,-0.01370255,-0.01354986,-0.01332249,-0.01276882,-0.008256437
4/10/2017 8:59,0.018554422,-0.017301993,-0.0187282,-0.01859026,-0.01838289,-0.01807397,-0.01732121,-0.01119905
4/10/2017 9:59,0.016581633,-0.015529441,-0.01681083,-0.01668674,-0.01650025,-0.01622226,-0.01554467,-0.01004932
4/10/2017 10:59,0.025901361,-0.023890766,-0.0258633,-0.02567245,-0.02538526,-0.02495666,-0.02391203,-0.01545765
4/10/2017 11:59,0.02627551,-0.024232584,-0.0262354,-0.02604132,-0.02574912,-0.02531296,-0.02425116,-0.01567593
4/10/2017 12:59,0.029115646,-0.026812347,-0.02903096,-0.02881535,-0.02849076,-0.02800647,-0.02682942,-0.01734166
4/10/2017 13:59,0.022772109,-0.021116861,-0.02286568,-0.02269525,-0.02243878,-0.0220564,-0.02112845,-0.01365643
4/10/2017 14:59,0.023112245,-0.021443731,-0.0232201,-0.02304645,-0.02278537,-0.02239662,-0.02145538,-0.01386858
4/10/2017 15:59,0.023214286,-0.02155287,-0.02333826,-0.0231633,-0.02290053,-0.02250983,-0.0215651,-0.01394032
4/10/2017 16:59,0.024404762,-0.022657296,-0.02453434,-0.02435022,-0.02407392,-0.02366334,-0.02267,-0.01465438
4/10/2017 17:59,0.021462585,-0.020007943,-0.02166586,-0.02150303,-0.02125888,-0.02089622,-0.02001872,-0.01294034
4/10/2017 18:59,0.02297619,-0.021403844,-0.02317676,-0.02300259,-0.02274155,-0.02235399,-0.02141648,-0.0138446
4/10/2017 19:59,0.009472789,-0.009198223,-0.009960382,-0.009885264,-0.009772836,-0.00960607,-0.009203515,-0.005949767
4/10/2017 20:59,0.00202381,-0.002466068,-0.002670964,-0.002650541,-0.002620075,-0.002574992,-0.002466834,-0.00159461
4/10/2017 21:59,0.006292517,-0.006322893,-0.006845955,-0.006794615,-0.006717671,-0.006603491,-0.006327712,-0.004091203
4/10/2017 22:59,0.00585034,-0.005921736,-0.006411051,-0.006363202,-0.006291409,-0.00618482,-0.005926983,-0.003832341
4/10/2017 23:59,0.001105442,-0.001617591,-0.001751339,-0.001738261,-0.001718596,-0.00168939,-0.001618898,-0.00104679
4/11/2017 0:59,0.015085034,-0.014276126,-0.01545416,-0.01533925,-0.01516695,-0.01491119,-0.014291,-0.009240941
4/11/2017 1:59,0.009217687,-0.008965384,-0.009705193,-0.009632947,-0.009524714,-0.009364124,-0.008974781,-0.005803382
4/11/2017 2:59,0.009285714,-0.009036077,-0.009781782,-0.009708829,-0.009599673,-0.009437819,-0.009045555,-0.005849184
4/11/2017 3:59,0.019693878,-0.01843798,-0.01995795,-0.01980985,-0.01958814,-0.01925896,-0.01845926,-0.01193648
4/11/2017 4:59,0.018095238,-0.016988253,-0.01838827,-0.01825203,-0.01804807,-0.01774507,-0.01700834,-0.01099818
4/11/2017 5:59,0.022091837,-0.020589014,-0.02228505,-0.02212043,-0.02187379,-0.02150697,-0.02061405,-0.01332957
4/11/2017 6:59,0.009353741,-0.009083243,-0.009832257,-0.009759174,-0.009649903,-0.009487631,-0.009093402,-0.005879896
4/11/2017 7:59,0.013333333,-0.012665659,-0.0137091,-0.01360788,-0.01345619,-0.01323048,-0.01268083,-0.008199473
4/11/2017 8:59,0.016309524,-0.015350308,-0.01661483,-0.01649258,-0.01630907,-0.01603559,-0.0153684,-0.009936598
4/11/2017 9:59,0.021241497,-0.019775607,-0.02140514,-0.0212481,-0.02101189,-0.02065918,-0.01979765,-0.01279929
4/11/2017 10:59,0.021122449,-0.01967754,-0.0213008,-0.0211442,-0.02090849,-0.02055631,-0.01969674,-0.01273292
4/11/2017 11:59,0.021870748,-0.020340743,-0.02202053,-0.02185829,-0.02161388,-0.02124857,-0.0203579,-0.01315938
4/11/2017 12:59,0.019064626,-0.017827521,-0.01930147,-0.01915889,-0.01894399,-0.01862272,-0.01784006,-0.01153087
4/11/2017 13:59,0.022397959,-0.020846729,-0.02257176,-0.02240464,-0.02215256,-0.02177579,-0.02085942,-0.01348213
4/11/2017 14:59,0.01797619,-0.016865791,-0.0182627,-0.01812688,-0.01792216,-0.01761646,-0.01687454,-0.01090644
4/11/2017 15:59,0.024863946,-0.023112669,-0.02502726,-0.02484062,-0.02455942,-0.02414017,-0.02312486,-0.01494735
4/11/2017 16:59,0.020102041,-0.018821131,-0.02038056,-0.02022802,-0.01999853,-0.01965695,-0.01883112,-0.01217257
4/11/2017 17:59,0.022363946,-0.020892306,-0.02262328,-0.02245349,-0.02219846,-0.02181948,-0.02090397,-0.01351317
4/11/2017 18:59,0.024795918,-0.023100891,-0.02501443,-0.02482636,-0.02454434,-0.02412578,-0.02311479,-0.01494297
4/11/2017 19:59,0.036156463,-0.033432367,-0.03619945,-0.03592757,-0.03552036,-0.03491635,-0.03345583,-0.02162931
4/11/2017 20:59,0.039965986,-0.036916133,-0.03996967,-0.03966983,-0.03922118,-0.0385557,-0.0369446,-0.02388535
4/11/2017 21:59,0.026972789,-0.025132457,-0.02721156,-0.02700707,-0.02670148,-0.02624836,-0.02515163,-0.0162609
4/11/2017 22:59,0.033979592,-0.031527444,-0.03413345,-0.03387785,-0.03349569,-0.03292856,-0.03155409,-0.02040072
4/11/2017 23:59,0.03712585,-0.034393156,-0.03723396,-0.03695609,-0.03654036,-0.03592286,-0.03442476,-0.02225719
4/12/2017 0:59,0.033639456,-0.031219899,-0.0337977,-0.03354598,-0.03316917,-0.03260912,-0.0312496,-0.02020433
4/12/2017 1:59,0.036445578,-0.033753427,-0.03653932,-0.03626793,-0.03586127,-0.03525631,-0.0337867,-0.02184465
4/12/2017 2:59,0.03462585,-0.032096034,-0.03474477,-0.03448711,-0.03410072,-0.03352556,-0.03212795,-0.02077201
4/12/2017 3:59,0.021615646,-0.020273729,-0.02194747,-0.02178439,-0.02153994,-0.02117623,-0.02029315,-0.01312018
4/12/2017 4:59,0.013486395,-0.01288542,-0.01395007,-0.01384591,-0.01369002,-0.01345835,-0.01289679,-0.008338042
4/12/2017 5:59,0.020391156,-0.019140044,-0.02071906,-0.02056575,-0.02033558,-0.01999281,-0.01915975,-0.01238769
4/12/2017 6:59,0.009353741,-0.009125709,-0.009879406,-0.009805817,-0.009695586,-0.009531688,-0.009134129,-0.005905472
4/12/2017 7:59,0.016768707,-0.01583654,-0.01714263,-0.0170161,-0.01682593,-0.01654256,-0.01585323,-0.01024979
4/12/2017 8:59,0.010527211,-0.010164558,-0.0110036,-0.01092205,-0.01079964,-0.01061737,-0.01017432,-0.006577785
4/12/2017 9:59,0.015680272,-0.01484205,-0.01606672,-0.01594809,-0.01576973,-0.0155038,-0.01485671,-0.009604898
4/12/2017 10:59,0.017346939,-0.016352219,-0.01770194,-0.01757124,-0.01737462,-0.01708134,-0.01636762,-0.01058131
4/12/2017 11:59,0.015272109,-0.014462932,-0.01565746,-0.01554165,-0.01536744,-0.01510759,-0.01447548,-0.009357647
4/12/2017 12:59,0.018282313,-0.017205411,-0.01862661,-0.01848898,-0.01828173,-0.01797243,-0.01721996,-0.01113165
4/12/2017 13:59,0.009217687,-0.008983101,-0.00972563,-0.009653556,-0.009545108,-0.00938332,-0.008990036,-0.005811274
4/12/2017 14:59,0.003129252,-0.003468586,-0.003755458,-0.003727535,-0.003685588,-0.00362304,-0.003471068,-0.002243628
4/12/2017 15:59,-0.011037415,0.009388242,0.01016317,0.01008817,0.009975077,0.009806483,0.009397176,0.00607566
4/12/2017 16:59,-0.008418367,0.007009014,0.007588561,0.007532007,0.007447003,0.007320565,0.00701451,0.004534922
4/12/2017 17:59,-0.026836735,0.023713799,0.02567212,0.02548202,0.02519585,0.02476961,0.02373536,0.01534549
4/12/2017 18:59,-0.030510204,0.027055979,0.02929098,0.02907368,0.02874683,0.02826018,0.02707976,0.01750747
4/12/2017 19:59,-0.046836735,0.0418635,0.04531998,0.04498466,0.04447998,0.04372806,0.04190227,0.02709074
4/12/2017 20:59,-0.044064626,0.039337149,0.04258604,0.04227039,0.04179565,0.0410886,0.03937236,0.02545472
4/12/2017 21:59,-0.043010204,0.03838245,0.04155312,0.04124477,0.04078124,0.04009103,0.03841605,0.02483618
4/12/2017 22:59,-0.041785714,0.037252054,0.04032936,0.04003007,0.03958022,0.03891037,0.03728464,0.02410462
4/12/2017 23:59,-0.03457483,0.030717589,0.03325605,0.03300873,0.03263726,0.03208441,0.03074333,0.01987533
4/13/2017 0:59,-0.024540816,0.021614,0.02340129,0.02322664,0.02296464,0.022575,0.02163077,0.01398378
4/13/2017 1:59,-0.015646259,0.013549949,0.01467199,0.01456164,0.01439652,0.01415136,0.0135586,0.008764852
4/13/2017 2:59,-0.014829932,0.01281577,0.01387625,0.0137723,0.01361656,0.01338513,0.01282485,0.008290697
4/13/2017 3:59,-0.005663265,0.004515158,0.004890289,0.004852846,0.004797145,0.004714752,0.004516583,0.002919313
4/13/2017 4:59,0.001717687,-0.002184875,-0.002363196,-0.002346769,-0.002321548,-0.002283493,-0.00218938,-0.00141617
4/13/2017 5:59,0.004931973,-0.005093554,-0.005512071,-0.00547221,-0.005411829,-0.005321519,-0.005100824,-0.003298616
4/13/2017 6:59,0.005170068,-0.005306126,-0.005742641,-0.005700779,-0.005637553,-0.005543186,-0.005313121,-0.00343581
4/13/2017 7:59,0.021921769,-0.02048043,-0.02216799,-0.02200493,-0.02175952,-0.02139391,-0.02050425,-0.01325805
4/13/2017 8:59,0.027959184,-0.025932163,-0.02806987,-0.02786321,-0.0275523,-0.02708897,-0.0259608,-0.01678517
4/13/2017 9:59,0.018758503,-0.017609199,-0.01906237,-0.0189216,-0.01870996,-0.01839452,-0.0176263,-0.01139521
4/13/2017 10:59,0.022363946,-0.020883809,-0.02260903,-0.02244177,-0.02219022,-0.02181502,-0.02090121,-0.01351098
4/13/2017 11:59,0.019693878,-0.018464864,-0.01999179,-0.01984362,-0.01962066,-0.01928794,-0.01847789,-0.01194348
4/13/2017 12:59,0.010544218,-0.010171772,-0.01101385,-0.01093181,-0.01080851,-0.01062461,-0.01017777,-0.006578255
4/13/2017 13:59,0.014710884,-0.013975901,-0.01513323,-0.01502071,-0.01485131,-0.0145984,-0.01398339,-0.009037517
4/13/2017 14:59,0.012414966,-0.011895443,-0.01288093,-0.01278516,-0.01264085,-0.01242528,-0.01190109,-0.007691358
4/13/2017 15:59,0.010646259,-0.010295253,-0.01114859,-0.01106557,-0.01094045,-0.01075354,-0.0102996,-0.006656274
4/13/2017 16:59,0.017534014,-0.016571257,-0.01794519,-0.01781112,-0.01760913,-0.01730782,-0.01657808,-0.01071484
4/13/2017 17:59,0.019336735,-0.018237927,-0.01975014,-0.01960201,-0.01937914,-0.01904742,-0.01824597,-0.01179398
4/13/2017 18:59,0.020935374,-0.019711996,-0.0213458,-0.02118534,-0.02094432,-0.02058627,-0.01972218,-0.01274941
4/13/2017 19:59,0.020901361,-0.019716697,-0.02134992,-0.0211892,-0.02094823,-0.02059085,-0.01972876,-0.0127548
4/13/2017 20:59,0.013673469,-0.013121331,-0.01420793,-0.01410084,-0.0139405,-0.01370293,-0.01312999,-0.008488987
4/13/2017 21:59,0.010493197,-0.010219922,-0.01106624,-0.01098266,-0.01085771,-0.01067274,-0.01022682,-0.006612126
4/13/2017 22:59,0.015901361,-0.015164928,-0.01641892,-0.01629553,-0.01611104,-0.01583784,-0.01517758,-0.009813636
4/13/2017 23:59,0.00707483,-0.007091926,-0.007678459,-0.007620645,-0.007534259,-0.007406416,-0.007097785,-0.00458945
4/14/2017 0:59,0.002653061,-0.003049266,-0.003301523,-0.003276641,-0.003239427,-0.003184376,-0.003051701,-0.001973341
4/14/2017 1:59,-0.004166667,0.003187337,0.003449899,0.003424466,0.003386417,0.003329751,0.003191113,0.002063068
4/14/2017 2:59,-0.004676871,0.003635172,0.003934835,0.003905751,0.003862255,0.00379749,0.003639202,0.002352666
4/14/2017 3:59,-0.00047619,-0.000181935,-0.000196896,-0.000195526,-0.000193318,-0.000190013,-0.000182121,-0.000118003
4/14/2017 4:59,0.001088435,-0.001607998,-0.001740366,-0.001727563,-0.001708235,-0.001679566,-0.001610092,-0.001041539
4/14/2017 5:59,0.004302721,-0.004547592,-0.004921646,-0.004885437,-0.004831019,-0.004750283,-0.004554015,-0.002945528
4/14/2017 6:59,-0.004880952,0.003824759,0.004140452,0.004109789,0.004063907,0.003995459,0.00382837,0.002474641
4/14/2017 7:59,-0.005119048,0.00404621,0.004380113,0.004347745,0.004299254,0.004226861,0.004050082,0.00261797
4/14/2017 8:59,0.003367347,-0.003700658,-0.004005338,-0.003975715,-0.003931305,-0.003865518,-0.003705523,-0.002396514
4/14/2017 9:59,0.014166667,-0.013547889,-0.01466326,-0.01455516,-0.01439319,-0.01415255,-0.01356528,-0.00877165
4/14/2017 10:59,0.017619048,-0.016669323,-0.01804251,-0.01790959,-0.01771034,-0.01741373,-0.01668904,-0.01079032
4/14/2017 11:59,0.013418367,-0.01283729,-0.01389624,-0.01379356,-0.01363966,-0.01341039,-0.01285024,-0.008307211
4/14/2017 12:59,0.021972789,-0.020659383,-0.02236526,-0.02220008,-0.02195201,-0.02158167,-0.02067726,-0.01336572
4/14/2017 13:59,0.035663265,-0.03314912,-0.03588858,-0.03562318,-0.03522383,-0.03462733,-0.03317461,-0.02144393
4/14/2017 14:59,0.028792517,-0.026891363,-0.02911491,-0.02889887,-0.02857381,-0.02808882,-0.02691096,-0.01739583
4/14/2017 15:59,0.027414966,-0.025651323,-0.02777309,-0.02756651,-0.02725579,-0.02679267,-0.02566938,-0.01659354
4/14/2017 16:59,0.025578231,-0.023988647,-0.02597384,-0.02578012,-0.02548895,-0.02505538,-0.02400448,-0.0155171
4/14/2017 17:59,0.021530612,-0.020306836,-0.02198773,-0.02182334,-0.02157648,-0.02120924,-0.02032,-0.01313563
4/14/2017 18:59,0.013401361,-0.01287613,-0.01394245,-0.01383779,-0.01368087,-0.0134477,-0.01288406,-0.008328872
4/14/2017 19:59,0.021802721,-0.0205773,-0.02227943,-0.02211279,-0.0218628,-0.02149136,-0.02059274,-0.01331332
4/14/2017 20:59,0.025697279,-0.024129043,-0.02612364,-0.02592847,-0.02563584,-0.02520122,-0.02414916,-0.01561335
4/14/2017 21:59,0.020153061,-0.019062269,-0.02063806,-0.0204836,-0.02025232,-0.01990906,-0.01907833,-0.01233498
4/14/2017 22:59,0.029489796,-0.02760312,-0.02988235,-0.02965987,-0.02932644,-0.02883107,-0.02762955,-0.01786423
4/14/2017 23:59,0.013316327,-0.012817531,-0.01387636,-0.01377271,-0.01361758,-0.0133873,-0.01282932,-0.00829492
4/15/2017 0:59,0.014268707,-0.013674489,-0.01480311,-0.01469301,-0.01452805,-0.01428297,-0.01368829,-0.008850571
4/15/2017 1:59,0.000289116,-0.000882808,-0.000956722,-0.000949016,-0.000937746,-0.000921322,-0.000882453,-0.000570439
4/15/2017 2:59,-0.002755102,0.001890565,0.002045741,0.002031119,0.00200891,0.00197551,0.001893385,0.001224119
4/15/2017 3:59,-0.000901361,0.000205656,0.000222279,0.000220843,0.000218605,0.000215124,0.000206294,0.000133264
4/15/2017 4:59,-0.002346939,0.001528296,0.001654342,0.001642208,0.001623944,0.001596603,0.001529863,0.000988827
4/15/2017 5:59,0.002329932,-0.002740992,-0.002966234,-0.002944572,-0.002911932,-0.002863381,-0.002745036,-0.001775483
4/15/2017 6:59,-0.005204082,0.004144184,0.004486702,0.004453418,0.004403447,0.004328864,0.004147462,0.002680827
4/15/2017 7:59,-0.008792517,0.007400297,0.008011648,0.007952363,0.007863254,0.007730227,0.007406457,0.004787628
4/15/2017 8:59,-0.006343537,0.005177853,0.005606218,0.00556443,0.005501755,0.005408305,0.00518142,0.003349136
4/15/2017 9:59,-0.005340136,0.004251739,0.004603789,0.004569332,0.004517699,0.004440756,0.004254286,0.002749821
4/15/2017 10:59,-0.000935374,0.0002277,0.000247907,0.000245401,0.000241929,0.00023698,0.000226161,0.000145742
4/15/2017 11:59,0.008452381,-0.008344376,-0.009031683,-0.008965777,-0.008866445,-0.008718064,-0.00835382,-0.005400267
4/15/2017 12:59,0.008588435,-0.008467393,-0.009166064,-0.00909879,-0.008997505,-0.008846135,-0.008475215,-0.00547807
4/15/2017 13:59,0.021411565,-0.020188379,-0.0218573,-0.02169594,-0.02145288,-0.02108952,-0.02020267,-0.01305765
4/15/2017 14:59,0.010493197,-0.010214957,-0.01106029,-0.0109783,-0.01085489,-0.01067042,-0.01022105,-0.006605831
4/15/2017 15:59,0.022091837,-0.020847183,-0.02257353,-0.0224057,-0.02215288,-0.02177531,-0.02085831,-0.01348142
4/15/2017 16:59,0.005136054,-0.005323549,-0.005764774,-0.005721714,-0.005656974,-0.005560339,-0.005325979,-0.00344206
4/15/2017 17:59,0.009608844,-0.009432577,-0.01021384,-0.01013776,-0.01002317,-0.009852124,-0.00943758,-0.006100037
4/15/2017 18:59,0.004540816,-0.00479287,-0.005189689,-0.005151061,-0.005092867,-0.00500599,-0.004795688,-0.003099872
4/15/2017 19:59,0.006445578,-0.006525949,-0.007065937,-0.007013356,-0.006934128,-0.006815981,-0.006530334,-0.004221671
4/15/2017 20:59,0.008503401,-0.008417753,-0.009114037,-0.009046136,-0.008943907,-0.008791698,-0.00842392,-0.005446238
4/15/2017 21:59,0.002244898,-0.002680253,-0.002902398,-0.002880552,-0.002847752,-0.00279899,-0.002681681,-0.001733663
4/15/2017 22:59,0.019404762,-0.018443629,-0.01996818,-0.01981906,-0.01959519,-0.01926278,-0.01845923,-0.01193529
4/15/2017 23:59,0.011241497,-0.010947499,-0.01185235,-0.0117637,-0.01163077,-0.01143358,-0.010957,-0.007084695
4/16/2017 0:59,0.014965986,-0.014359178,-0.01554511,-0.01542902,-0.01525509,-0.01499714,-0.01437295,-0.009293745
4/16/2017 1:59,2.87E-03,-0.003260825,-0.003530661,-0.00350401,-0.003464173,-0.003405246,-0.003263332,-0.002110158
4/16/2017 2:59,-0.007142857,0.005930574,0.006419608,0.006372236,0.006301177,0.006195305,0.005936896,0.003838136
4/16/2017 3:59,-0.022534014,0.020016053,0.02166814,0.02150767,0.02126695,0.02090853,0.02003528,0.01295244
4/16/2017 4:59,-0.033741497,0.030280739,0.03278032,0.0325376,0.03217331,0.03163081,0.0303094,0.01959437
4/16/2017 5:59,-0.031479592,0.028187357,0.03051513,0.03028877,0.02994916,0.02944355,0.0282128,0.01823853
4/16/2017 6:59,-0.029387755,0.026258496,0.02842752,0.02821646,0.02789984,0.02742849,0.02628149,0.01698972
4/16/2017 7:59,-0.020204082,0.017856267,0.01933218,0.0191882,0.01897243,0.01865135,0.01787075,0.01155218
4/16/2017 8:59,-0.010017007,0.008532713,0.009238984,0.009169659,0.009066034,0.00891204,0.008538443,0.005519099
4/16/2017 9:59,0.001258503,-0.001779003,-0.001923949,-0.001910636,-0.001890159,-0.001859351,-0.001783048,-0.001153575
4/16/2017 10:59,0.014353741,-0.01375051,-0.01488317,-0.01477391,-0.01460951,-0.01436466,-0.01376683,-0.008901108
4/16/2017 11:59,0.020204082,-0.019103443,-0.02067924,-0.02052691,-0.02029785,-0.01995637,-0.01912268,-0.01236229
4/16/2017 12:59,0.016564626,-0.015764474,-0.01706629,-0.0169403,-0.01675082,-0.01646809,-0.01577809,-0.01019907
4/16/2017 13:59,0.022653061,-0.021364736,-0.0231309,-0.02295965,-0.02270199,-0.02231738,-0.02138048,-0.01381988
4/16/2017 14:59,0.017261905,-0.016436553,-0.0177966,-0.01766435,-0.01746544,-0.01716864,-0.01644703,-0.01063069
4/16/2017 15:59,0.019268707,-0.0182888,-0.01980281,-0.01965533,-0.01943349,-0.01910265,-0.01829968,-0.01182838
4/16/2017 16:59,0.017278912,-0.016464369,-0.01782769,-0.01769468,-0.01749463,-0.01719651,-0.01647389,-0.01064849
4/16/2017 17:59,0.007040816,-0.007074571,-0.00766041,-0.007603203,-0.007517198,-0.007389049,-0.007078692,-0.004575591
4/16/2017 18:59,-0.004047619,0.003097806,0.003353717,0.003328672,0.003291133,0.003235495,0.00310064,0.002004881
4/16/2017 19:59,-0.022465986,0.019946806,0.02159371,0.02143318,0.02119227,0.02083442,0.01996604,0.01290925
4/16/2017 20:59,-0.022040816,0.019546726,0.02116127,0.02100364,0.02076725,0.02041618,0.01956471,0.01264946
4/16/2017 21:59,-0.02829932,0.025268967,0.02735588,0.02715235,0.02684701,0.02639327,0.02529244,0.01635259
4/16/2017 22:59,-0.028469388,0.025421124,0.02752089,0.02731605,0.02700878,0.0265521,0.0254443,0.01645059
4/16/2017 23:59,-0.023282313,0.020674277,0.02238271,0.02221574,0.02196546,0.02159362,0.0206922,0.01337793
4/17/2017 0:59,-0.021972789,0.019466374,0.02107518,0.0209179,0.02068217,0.02033193,0.01948299,0.01259602
4/17/2017 1:59,-0.029676871,0.026499463,0.02868805,0.02847483,0.02815481,0.02767885,0.02652373,0.0171482
4/17/2017 2:59,-0.022244898,0.01969569,0.02132382,0.02116457,0.02092592,0.02057133,0.01971196,0.01274379
4/17/2017 3:59,-0.035782313,0.032059051,0.03470584,0.03444855,0.03406204,0.03348675,0.0320894,0.02074655
4/17/2017 4:59,-0.034846939,0.031185819,0.03376096,0.03351049,0.0331343,0.03257441,0.03121475,0.02018087
4/17/2017 5:59,-0.050765306,0.045703889,0.04947378,0.04910907,0.04856011,0.04774181,0.04575095,0.02957974
4/17/2017 6:59,-0.045935374,0.041272746,0.04467804,0.04434825,0.04385205,0.04311253,0.04131411,0.02671086
4/17/2017 7:59,-0.043333333,0.038865019,0.04207208,0.04176134,0.04129386,0.04059721,0.03890344,0.02515216
4/17/2017 8:59,-0.031139456,0.027753911,0.03004648,0.02982326,0.02948808,0.02898921,0.02777855,0.01795908
4/17/2017 9:59,-0.012397959,0.010683845,0.01156977,0.01148198,0.01135103,0.011157,0.0106893,0.006909944
4/17/2017 10:59,-0.010527211,0.008966098,0.009709805,0.009635999,0.009525938,0.009362934,0.008970405,0.005798923
4/17/2017 11:59,-0.005901361,0.004760946,0.00515735,0.005117356,0.005058036,0.004970555,0.004761393,0.003077884
4/17/2017 12:59,-0.008095238,0.006757134,0.007317641,0.007261977,0.007178901,0.007055924,0.006760327,0.004370724
4/17/2017 13:59,0.007193878,-0.007204999,-0.007798707,-0.007742742,-0.007657552,-0.007529025,-0.007211794,-0.0046605
4/17/2017 14:59,-0.006547619,0.005335319,0.005778088,0.005733921,0.005668061,0.005570833,0.005337706,0.003451338
4/17/2017 15:59,-0.003826531,0.002851827,0.003089649,0.0030654,0.003029495,0.002976839,0.002851693,0.001843879
4/17/2017 16:59,-0.000986395,0.000284049,0.000310114,0.000306396,0.000301408,0.00029476,0.000281121,0.00018162
4/17/2017 17:59,-0.006292517,0.005118129,0.005542509,0.00550019,0.005437125,0.005344175,0.005121064,0.003311362
4/17/2017 18:59,-0.009880952,0.008388855,0.009083073,0.009014443,0.008911914,0.008760409,0.008395345,0.005428534
4/17/2017 19:59,-0.013469388,0.011650013,0.01261295,0.01251828,0.01237662,0.01216694,0.0116604,0.007539758
4/17/2017 20:59,-0.017397959,0.015232356,0.01649081,0.0163674,0.0161826,0.01590879,0.01524656,0.009858484
4/17/2017 21:59,-0.030153061,0.026849639,0.02906453,0.028849,0.02852538,0.02804464,0.02687842,0.01737999
4/17/2017 22:59,-0.024064626,0.021300773,0.02305915,0.02288756,0.02263021,0.02224811,0.02132204,0.01378673
4/17/2017 23:59,-0.026462585,0.023471363,0.02540848,0.02521974,0.02493651,0.0245157,0.0234952,0.0151918
4/18/2017 0:59,-0.010238095,0.008690334,0.009410314,0.009338914,0.009232477,0.00907509,0.008695876,0.005622107
4/18/2017 1:59,-0.002806122,0.001937745,0.002100556,0.002083364,0.002058316,0.002021928,0.001936284,0.001251446
4/18/2017 2:59,0.012670068,-0.01221207,-0.01321943,-0.01312285,-0.01297659,-0.01275742,-0.01222366,-0.007902578
4/18/2017 3:59,0.015646259,-0.014938982,-0.01617277,-0.01605349,-0.01587339,-0.01560445,-0.01495185,-0.009666612
4/18/2017 4:59,0.026309524,-0.024705699,-0.02674705,-0.02654851,-0.02624966,-0.02580472,-0.0247267,-0.01598676
4/18/2017 5:59,0.016683673,-0.015910213,-0.01722518,-0.01709689,-0.01690411,-0.0166175,-0.01592355,-0.01029525
4/18/2017 6:59,0.005306122,-0.005472556,-0.005924927,-0.005880773,-0.005814416,-0.005715772,-0.005477072,-0.00354116
4/18/2017 7:59,-0.004897959,0.003842818,0.004159246,0.004128701,0.004082821,0.004014494,0.003847534,0.002487728
4/18/2017 8:59,0.010102041,-0.009871204,-0.01068671,-0.01060723,-0.01048785,-0.01031036,-0.009879917,-0.006387712
4/18/2017 9:59,0.004438776,-0.004680689,-0.005067627,-0.005029851,-0.004973137,-0.004888843,-0.004684498,-0.003028534
4/18/2017 10:59,0.012636054,-0.012214667,-0.01322378,-0.01312561,-0.01297814,-0.01275869,-0.01222516,-0.007903352
4/18/2017 11:59,0.016836735,-0.016090857,-0.01742125,-0.01729184,-0.01709742,-0.01680785,-0.01610283,-0.01040894
4/18/2017 12:59,0.013248299,-0.012789221,-0.01384753,-0.01374456,-0.01358982,-0.01335913,-0.01279728,-0.008271349
4/18/2017 13:59,0.005204082,-0.005401923,-0.005848697,-0.005805419,-0.005740263,-0.005642933,-0.005405584,-0.00349363
4/18/2017 14:59,0.012908163,-0.01250994,-0.0135456,-0.01344492,-0.0132934,-0.0130672,-0.01251701,-0.008090103
4/18/2017 15:59,0.000714286,-0.001268816,-0.001372799,-0.001363199,-0.001348487,-0.001326174,-0.001270886,-0.000821266
4/18/2017 16:59,0.000493197,-0.001073766,-0.001161403,-0.001153492,-0.001141267,-0.001122588,-0.001075956,-0.000695281
4/18/2017 17:59,-0.004540816,0.003551133,0.003845283,0.003816028,0.003772457,0.003708202,0.003553439,0.002297896
4/18/2017 18:59,-0.005221088,0.004167727,0.004512861,0.004478553,0.004427468,0.004352134,0.004170608,0.002696905
4/18/2017 19:59,-0.011921769,0.010319251,0.01117172,0.01108798,0.0109628,0.0107775,0.01032899,0.006678935
4/18/2017 20:59,-0.018401361,0.016265871,0.0176085,0.01747719,0.01728061,0.01698915,0.01628248,0.01052842
4/18/2017 21:59,-0.028452381,0.025443779,0.02754255,0.02733812,0.02703162,0.02657648,0.02547126,0.01646985
4/18/2017 22:59,-0.045289116,0.040798503,0.0441607,0.04383502,0.04334562,0.04261741,0.04084584,0.02641131
4/18/2017 23:59,-0.058316327,0.05262239,0.05694404,0.05653314,0.05591078,0.05497944,0.05270017,0.03407962
4/19/2017 0:59,-0.066054422,0.059588601,0.06444358,0.06400147,0.06331919,0.0622854,0.05972078,0.03862879
4/19/2017 1:59,-0.071496599,0.064439337,0.06964144,0.06919169,0.06848157,0.06738965,0.06463717,0.04182061
4/19/2017 2:59,-0.063112245,0.056732826,0.06133194,0.06092513,0.06028906,0.05931705,0.05688476,0.03679995
4/19/2017 3:59,-0.060697279,0.054488743,0.05889996,0.05851288,0.05790543,0.056975,0.05464141,0.03535016
4/19/2017 4:59,-0.050833333,0.045498106,0.04920023,0.04886622,0.04834829,0.04756103,0.04560395,0.02949875
4/19/2017 5:59,-0.056819728,0.05087207,0.05498875,0.05462857,0.05406249,0.05319466,0.05101649,0.03300538
4/19/2017 6:59,-0.051785714,0.046280247,0.05003956,0.04970373,0.04918064,0.04838332,0.04639523,0.03001205
4/19/2017 7:59,-0.044081633,0.039290244,0.04248855,0.04219953,0.04175155,0.04107089,0.03938001,0.02547248
4/19/2017 8:59,-0.040510204,0.036031367,0.0389691,0.0387013,0.03828774,0.03766089,0.03610828,0.02335524
4/19/2017 9:59,-0.037380952,0.033190837,0.03590091,0.03565189,0.0352686,0.03468892,0.03325719,0.02151048
4/19/2017 10:59,-0.03414966,0.030251826,0.03272691,0.03249698,0.03214465,0.03161343,0.03030661,0.0196013
4/19/2017 11:59,-0.035136054,0.031147703,0.03369368,0.03345822,0.03309668,0.03255093,0.031207,0.02018476
4/19/2017 12:59,-0.040510204,0.035980399,0.03891101,0.03864492,0.03823306,0.03760825,0.03606104,0.02332733
4/19/2017 13:59,-0.03122449,0.02758567,0.02984374,0.02963312,0.02931078,0.02882543,0.02763463,0.01787431
4/19/2017 14:59,-0.02755102,0.024265596,0.02626183,0.02607063,0.02578121,0.02534873,0.02429734,0.0157139
4/19/2017 15:59,-0.032006803,0.02828108,0.03059502,0.03037938,0.03004913,0.02955196,0.02833285,0.01832723
4/19/2017 16:59,-0.023231293,0.020363619,0.02204515,0.02188081,0.02163405,0.02126756,0.02038323,0.01318176
4/19/2017 17:59,-0.022465986,0.019662176,0.02128582,0.02112701,0.02088863,0.02053476,0.01968123,0.01272792
4/19/2017 18:59,-0.024846939,0.021806467,0.02360637,0.02343058,0.02316663,0.02277474,0.02182873,0.01411678
4/19/2017 19:59,-0.028248299,0.024883131,0.02692952,0.02673323,0.02643634,0.02599336,0.02491722,0.01611566
4/19/2017 20:59,-0.028503401,0.025103841,0.02716399,0.02696852,0.02667155,0.02622712,0.02514329,0.01626276
4/19/2017 21:59,-0.030697279,0.027077207,0.02929143,0.02908522,0.02876948,0.0282945,0.02712878,0.01754864
4/19/2017 22:59,-0.029727891,0.026195259,0.028337,0.02813775,0.02783255,0.02737327,0.02624551,0.01697726
4/19/2017 23:59,-0.0275,0.024174311,0.02615381,0.0259682,0.02568486,0.02525938,0.02421721,0.01566447
4/20/2017 0:59,-0.019336735,0.016816599,0.01820506,0.01806927,0.01786558,0.01756332,0.01683323,0.01088564
4/20/2017 1:59,-0.014438776,0.012400835,0.01342576,0.01332502,0.01317419,0.01295071,0.01241188,0.008026322
4/20/2017 2:59,-0.018860544,0.016394816,0.01774768,0.01761566,0.01741749,0.01712337,0.01641207,0.01061333
4/20/2017 3:59,-0.018520408,0.016083681,0.01741056,0.01728122,0.01708701,0.01679871,0.01610097,0.01041211
4/20/2017 4:59,-0.016241497,0.014026264,0.01518427,0.015071,0.01490117,0.01464929,0.01404031,0.009079258
4/20/2017 5:59,-0.031343537,0.02763435,0.0298926,0.02968303,0.02936194,0.02887856,0.02768879,0.01791005
4/20/2017 6:59,-0.01994898,0.017367093,0.01879998,0.01866035,0.01845076,0.01813948,0.01738547,0.01124223
4/20/2017 7:59,-0.025901361,0.022710101,0.02457507,0.02439764,0.02412865,0.0237264,0.02274415,0.01470931
4/20/2017 8:59,-0.030629252,0.026961164,0.02916088,0.02895871,0.02864766,0.02817792,0.027018,0.01747673
4/20/2017 9:59,-0.026428571,0.023173584,0.02506934,0.02489268,0.02462242,0.02421578,0.0232165,0.0150167
4/20/2017 10:59,-0.022619048,0.01974875,0.02137318,0.02121746,0.02098199,0.02063048,0.0197751,0.012789
4/20/2017 11:59,-0.036921769,0.032622021,0.03527272,0.03503444,0.0346641,0.03410123,0.03270324,0.021158
4/20/2017 12:59,-0.038809524,0.034307511,0.03709205,0.03684326,0.03645549,0.03586506,0.03439648,0.02225468
4/20/2017 13:59,-0.032040816,0.028216099,0.03051011,0.03030323,0.02998197,0.02949407,0.0282848,0.01829995
4/20/2017 14:59,-0.043639456,0.038635257,0.04173763,0.04147669,0.04105891,0.04041206,0.03877403,0.02509606
4/20/2017 15:59,-0.035272109,0.031106011,0.03363161,0.03340539,0.03305301,0.03251683,0.03118574,0.02017817
4/20/2017 16:59,-0.028265306,0.02479336,0.02680978,0.02662748,0.02634454,0.02591517,0.02485305,0.01608046
4/20/2017 17:59,-0.018571429,0.016085577,0.01740132,0.01727868,0.01709067,0.01680782,0.01611559,0.01042591
4/20/2017 18:59,-0.021955782,0.019117081,0.0206767,0.0205331,0.0203119,0.01997816,0.01915782,0.01239491
4/20/2017 19:59,-0.015357143,0.013202929,0.01429235,0.01418597,0.01402609,0.01378887,0.01321692,0.008548456
4/20/2017 20:59,-0.013027211,0.011096757,0.01201419,0.01192368,0.01178821,0.0115879,0.0111065,0.007183136
4/20/2017 21:59,-0.001241497,0.000490221,0.000535897,0.000529112,0.000520108,0.000508178,0.000484297,0.000312837
4/20/2017 22:59,-0.00755102,0.006188502,0.00670168,0.006650257,0.006573712,0.006461183,0.006192199,0.004004773
4/20/2017 23:59,0.013197279,-0.012597889,-0.01363993,-0.01354078,-0.01338957,-0.01316112,-0.01260429,-0.008145864
4/21/2017 0:59,0.012857143,-0.012309417,-0.01332887,-0.0132308,-0.01308168,-0.0128576,-0.01231497,-0.007959899
4/21/2017 1:59,0.038231293,-0.035541554,-0.03849059,-0.03820059,-0.03776404,-0.03711552,-0.03555524,-0.02298549
4/21/2017 2:59,0.043129252,-0.040188349,-0.04351998,-0.04319012,-0.04269673,-0.0419672,-0.0402104,-0.02599783
4/21/2017 3:59,0.046768707,-0.043709561,-0.04732821,-0.04696949,-0.04643521,-0.04564618,-0.04374093,-0.02828211
4/21/2017 4:59,0.047789116,-0.04479809,-0.04850061,-0.04813513,-0.04759126,-0.0467869,-0.04483795,-0.02899232
4/21/2017 5:59,0.045459184,-0.042731263,-0.04625825,-0.04591205,-0.04539632,-0.04463183,-0.04277456,-0.02765829
4/21/2017 6:59,0.030816327,-0.029193963,-0.03160311,-0.03136704,-0.03101517,-0.03049302,-0.02922387,-0.01889594
4/21/2017 7:59,0.031768707,-0.03012437,-0.03260893,-0.03236666,-0.03200474,-0.03146659,-0.03015626,-0.01949817
4/21/2017 8:59,0.03212585,-0.030472919,-0.03298631,-0.03274213,-0.03237653,-0.03183189,-0.03050422,-0.01972183
4/21/2017 9:59,0.028537415,-0.027156,-0.02939766,-0.02917998,-0.02885363,-0.028367,-0.0271809,-0.01757163
4/21/2017 10:59,0.036751701,-0.034855776,-0.03773464,-0.03745561,-0.03703629,-0.03641029,-0.03488489,-0.0225507
4/21/2017 11:59,0.042772109,-0.040550829,-0.04390353,-0.04357801,-0.0430884,-0.04235766,-0.04058004,-0.02623112
4/21/2017 12:59,0.027670068,-0.026482423,-0.028675,-0.02846122,-0.02813995,-0.02766092,-0.0264976,-0.01712695
4/21/2017 13:59,0.021139456,-0.020420063,-0.02211204,-0.02194675,-0.02169841,-0.02132823,-0.02043,-0.0132045
4/21/2017 14:59,0.018010204,-0.017509669,-0.01896081,-0.01881912,-0.01860609,-0.01828845,-0.01751766,-0.0113219
4/21/2017 15:59,0.00462585,-0.004945544,-0.005355802,-0.005315599,-0.005255291,-0.005165369,-0.004947397,-0.003197076
4/21/2017 16:59,0.003010204,-0.003434424,-0.003718511,-0.00369106,-0.003649669,-0.003587675,-0.003436696,-0.002220897
4/21/2017 17:59,-0.007636054,0.006550337,0.007091088,0.007038167,0.006958892,0.006841459,0.006556829,0.004240146
4/21/2017 18:59,-0.011564626,0.010219291,0.01106282,0.01098032,0.01085675,0.01067362,0.01022962,0.006614926
4/21/2017 19:59,-0.021598639,0.019558873,0.02117147,0.02101466,0.02077937,0.02042992,0.01958085,0.01266169
4/21/2017 20:59,-0.024353741,0.022099403,0.02392141,0.02374437,0.02347866,0.02308381,0.02212419,0.01430601
4/21/2017 21:59,-0.026853741,0.024392594,0.02640322,0.02620819,0.02591528,0.02547965,0.02442034,0.0157906
4/21/2017 22:59,-0.037585034,0.034329276,0.03715636,0.03688354,0.03647296,0.03586127,0.03437119,0.02222517
4/21/2017 23:59,-0.035289116,0.032129559,0.03477587,0.03452048,0.03413611,0.03356329,0.03216817,0.02080038
4/22/2017 0:59,-0.034370748,0.031210053,0.03377873,0.03353188,0.03315967,0.03260421,0.03124964,0.02020677
4/22/2017 1:59,-0.030170068,0.027274533,0.02952126,0.02930448,0.02897814,0.0284916,0.0273068,0.01765665
4/22/2017 2:59,-0.024982993,0.022456447,0.02430697,0.02412815,0.0238591,0.0234581,0.02248219,0.0145368
4/22/2017 3:59,-0.020034014,0.017871776,0.01934525,0.01920255,0.01898802,0.01866847,0.01789135,0.01156815
4/22/2017 4:59,-0.024030612,0.021531599,0.02330551,0.02313435,0.02287666,0.02249243,0.02155672,0.01393825
4/22/2017 5:59,-0.020510204,0.018268506,0.01977412,0.01962863,0.01940973,0.01908343,0.01828916,0.01182526
4/22/2017 6:59,-0.02547619,0.022815596,0.02469448,0.02451365,0.02424114,0.02383447,0.02284309,0.01476995
4/22/2017 7:59,-0.018588435,0.016455789,0.01781221,0.01768111,0.01748385,0.01718979,0.01647408,0.01065157
4/22/2017 8:59,-0.014965986,0.013125489,0.01420806,0.01410314,0.01394541,0.01371044,0.01313926,0.00849538
4/22/2017 9:59,-0.010663265,0.009163878,0.009920927,0.009847005,0.009736153,0.009571339,0.009171994,0.005930228
4/22/2017 10:59,-0.005969388,0.004868874,0.005272652,0.00523254,0.005172728,0.005084209,0.004871267,0.003149484
4/22/2017 11:59,0.007193878,-0.007260046,-0.007857064,-0.007801188,-0.007715872,-0.007586911,-0.007268531,-0.004697929
4/22/2017 12:59,0.003027211,-0.003405793,-0.003684923,-0.003659251,-0.003619783,-0.003559783,-0.00341096,-0.002204665
4/22/2017 13:59,0.013027211,-0.012666371,-0.01371295,-0.01361286,-0.01346092,-0.01323255,-0.01267529,-0.008192414
4/22/2017 14:59,0.005986395,-0.006161865,-0.006670627,-0.006622236,-0.006548609,-0.006437736,-0.006166663,-0.003985389
4/22/2017 15:59,0.010629252,-0.010484521,-0.01135225,-0.01126881,-0.01114226,-0.01095239,-0.01049017,-0.006779545
4/22/2017 16:59,0.008044218,-0.008086947,-0.008756492,-0.008692011,-0.008594248,-0.008447607,-0.008091086,-0.005228983
4/22/2017 17:59,0.016683673,-0.016161771,-0.01750175,-0.01737137,-0.01717439,-0.01688023,-0.0161682,-0.01045008
4/22/2017 18:59,0.010833333,-0.010717414,-0.01160571,-0.01151918,-0.01138852,-0.01119355,-0.01072235,-0.006930719
4/22/2017 19:59,0.011921769,-0.011742828,-0.01271587,-0.01262077,-0.01247741,-0.01226397,-0.01174895,-0.007595139
4/22/2017 20:59,0.003180272,-0.003588153,-0.003885343,-0.003856461,-0.003812742,-0.003747437,-0.003590183,-0.002320871
4/22/2017 21:59,-0.000119048,-0.00050238,-0.000544233,-0.000540314,-0.00053415,-0.000524668,-0.000502238,-0.000324384
4/22/2017 22:59,2.82E-03,-0.003263265,-0.003533035,-0.00350697,-0.003467419,-0.003408318,-0.003265785,-0.00211151
4/22/2017 23:59,0.001666667,-0.002168885,-0.002347796,-0.002330752,-0.002304687,-0.002265569,-0.002170988,-0.001403763
4/23/2017 0:59,0.006054422,-0.00627377,-0.006792061,-0.006741673,-0.006665665,-0.006552607,-0.006279346,-0.004060322
4/23/2017 1:59,0.00920068,-0.009223394,-0.009985152,-0.009910881,-0.009799183,-0.009633332,-0.009232032,-0.005969711
4/23/2017 2:59,-0.00202381,0.001277779,0.00138351,0.001372794,0.001357228,0.00133444,0.001278888,0.000826733
4/23/2017 3:59,-0.013129252,0.011607366,0.01256367,0.01247068,0.01233175,0.01212542,0.01162126,0.007513862
4/23/2017 4:59,-0.017278912,0.015442454,0.01671488,0.01659128,0.01640642,0.01613166,0.01546063,0.009996116
4/23/2017 5:59,-0.020680272,0.018557459,0.02008614,0.01993803,0.01971615,0.01938604,0.01857967,0.01201278
4/23/2017 6:59,-0.019421769,0.017377833,0.01880944,0.0186708,0.018463,0.01815372,0.01739843,0.01124898
4/23/2017 7:59,-0.00829932,0.007079539,0.007664423,0.007606985,0.007521409,0.00739449,0.007085964,0.004581003
4/23/2017 8:59,-0.015578231,0.01377596,0.01491122,0.01480122,0.01463629,0.01439074,0.01379172,0.008917093
4/23/2017 9:59,-0.005408163,0.004382338,0.004745192,0.004709222,0.004655782,0.004576689,0.004385271,0.002835056
4/23/2017 10:59,-0.000833333,0.000153582,0.000168543,0.000165999,0.000162855,0.000158815,0.000150915,9.72658E-05
4/23/2017 11:59,0.005459184,-0.005690964,-0.006159003,-0.006114929,-0.006047832,-0.005946821,-0.00569789,-0.003683015
4/23/2017 12:59,0.001054422,-0.001581572,-0.001710247,-0.001698813,-0.001681004,-0.001653737,-0.001585262,-0.001024632
4/23/2017 13:59,0.00670068,-0.006854146,-0.007419249,-0.007365659,-0.007284217,-0.007161619,-0.006860561,-0.004433969
4/23/2017 14:59,-0.001105442,0.000413934,0.000450159,0.000445649,0.000439415,0.000430799,0.000411725,0.000266328
4/23/2017 15:59,-0.00202381,0.001279161,0.001386817,0.001375298,0.001358583,0.001334458,0.001277849,0.000826387
4/23/2017 16:59,-0.005697279,0.004670295,0.005057241,0.005018654,0.004961281,0.004876738,0.004673259,0.003022034
4/23/2017 17:59,-0.014472789,0.01277842,0.01383235,0.01372951,0.01357541,0.01334685,0.01279249,0.008272503
4/23/2017 18:59,-0.022227891,0.01992783,0.02156913,0.0214101,0.02117118,0.02081602,0.01995247,0.01290278
4/23/2017 19:59,-0.022534014,0.020175323,0.02183672,0.02167593,0.02143426,0.0210748,0.02020054,0.01306317
4/23/2017 20:59,-0.029608844,0.026667119,0.02886125,0.02864985,0.02833158,0.02785745,0.02670255,0.01726802
4/23/2017 21:59,-0.025595238,0.02293776,0.0248261,0.02464374,0.02436941,0.0239609,0.02296689,0.01485205
4/23/2017 22:59,-0.037329932,0.033635431,0.03638466,0.03612889,0.03573806,0.03514981,0.03370091,0.02179791
4/23/2017 23:59,-0.027602041,0.02467569,0.02670642,0.02651077,0.02621612,0.02577691,0.0247077,0.01597785
4/24/2017 0:59,-0.025697279,0.022904726,0.02478988,0.02460821,0.0243346,0.02392676,0.02293421,0.01483101
4/24/2017 1:59,-0.016887755,0.014827983,0.01605015,0.01593157,0.01575341,0.01548833,0.01484497,0.009599663
4/24/2017 2:59,-0.001207483,0.000482791,0.000526873,0.000520631,0.000512333,0.000501198,0.000478121,0.000308696
4/24/2017 3:59,-0.006870748,0.005674412,0.006144112,0.006097571,0.00602817,0.005925615,0.005678578,0.003671917
4/24/2017 4:59,0.011802721,-0.011501797,-0.01244965,-0.01235991,-0.0122232,-0.01201705,-0.01151301,-0.007442431
4/24/2017 5:59,0.004710884,-0.004962205,-0.005370329,-0.005332076,-0.005273512,-0.005184948,-0.004968092,-0.00321174
4/24/2017 6:59,0.008061224,-0.008052019,-0.008716161,-0.008652855,-0.008556533,-0.008411777,-0.008059534,-0.005210365
4/24/2017 7:59,0.00707483,-0.007167181,-0.0077586,-0.007702043,-0.007616084,-0.007487118,-0.007173679,-0.004637709
4/24/2017 8:59,0.002993197,-0.003386346,-0.003665434,-0.00363898,-0.0035986,-0.003537824,-0.003389813,-0.002191395
4/24/2017 9:59,0.002057823,-0.002527982,-0.002735968,-0.002716462,-0.002686554,-0.00264139,-0.00253099,-0.001636138
4/24/2017 10:59,0.000918367,-0.001459878,-0.001579301,-0.001568486,-0.001551661,-0.00152597,-0.001462436,-0.000945262
4/24/2017 11:59,-0.003163265,0.002302634,0.002493646,0.002474412,0.002445978,0.002404259,0.0023038,0.001489864
4/24/2017 12:59,-0.01255102,0.010912345,0.01181203,0.01172437,0.01159303,0.01139819,0.01092472,0.007064583
4/24/2017 13:59,-0.011207483,0.009690594,0.01049045,0.01041211,0.01029493,0.01012132,0.009700469,0.006272926
4/24/2017 14:59,-0.01414966,0.012365622,0.01338618,0.01328629,0.0131368,0.01291522,0.01237836,0.008004683
4/24/2017 15:59,-0.022329932,0.019857557,0.0214934,0.02133471,0.02109639,0.02074221,0.01988171,0.01285728
4/24/2017 16:59,-0.027414966,0.024476167,0.02649079,0.02629617,0.02600341,0.02556771,0.02450793,0.01584936
4/24/2017 17:59,-0.031615646,0.028274124,0.03060037,0.03037616,0.03003856,0.02953567,0.02831192,0.01830965
4/24/2017 18:59,-0.029540816,0.026341371,0.02850904,0.02829996,0.02798518,0.02751631,0.02637601,0.01705768
4/24/2017 19:59,-0.030068027,0.026797487,0.0289955,0.02878706,0.02847096,0.02799782,0.02684097,0.01736011
4/24/2017 20:59,-0.030612245,0.027246926,0.02947488,0.02926704,0.02894962,0.02847225,0.02729907,0.01765812
4/24/2017 21:59,-0.034183673,0.030467994,0.03294839,0.03272243,0.03237377,0.03184587,0.03053885,0.01975639
4/24/2017 22:59,-0.021819728,0.019210373,0.02079311,0.0206397,0.02040903,0.02006577,0.01923328,0.01243831
4/24/2017 23:59,-0.031020408,0.02753854,0.02978245,0.02957709,0.02926073,0.02878239,0.0276003,0.01785509
4/25/2017 0:59,-0.027517007,0.024338796,0.02632517,0.02614186,0.02586042,0.02543585,0.02438966,0.0157774
4/25/2017 1:59,-0.033503401,0.029733407,0.03214948,0.0319317,0.03159397,0.03108111,0.02980776,0.01928473
4/25/2017 2:59,-0.028554422,0.025232754,0.02728683,0.02709991,0.02681117,0.02637384,0.0252915,0.01636206
4/25/2017 3:59,-0.034404762,0.030495443,0.03296966,0.0327486,0.03240442,0.03188045,0.03057598,0.01978257
4/25/2017 4:59,-0.045017007,0.040059443,0.04326896,0.04300225,0.04257353,0.04190756,0.0402119,0.02602669
4/25/2017 5:59,-0.042210884,0.037471711,0.04047397,0.04022459,0.0398236,0.03920053,0.03761406,0.02434524
4/25/2017 6:59,-0.041496599,0.036795994,0.0397402,0.03949767,0.03910617,0.03849642,0.03694017,0.0239101
4/25/2017 7:59,-0.038979592,0.03449751,0.03726161,0.0370321,0.03666287,0.03608902,0.03462823,0.02241287
4/25/2017 8:59,-0.039302721,0.034783686,0.03756579,0.03733723,0.03696768,0.03639165,0.03492113,0.02260401
4/25/2017 9:59,-0.039727891,0.035143759,0.03795142,0.03772233,0.03735069,0.03677033,0.03528636,0.02284175
4/25/2017 10:59,-0.040442177,0.035766946,0.03862032,0.03838943,0.03801337,0.03742475,0.03591681,0.02325157
4/25/2017 11:59,-0.028231293,0.024784117,0.02679627,0.02661607,0.0263353,0.02590796,0.02484768,0.01607794
4/25/2017 12:59,-0.023639456,0.020636513,0.02231384,0.02216261,0.02192753,0.02157046,0.02068732,0.01338624
4/25/2017 13:59,-0.026547619,0.023249534,0.02513722,0.02496778,0.02470389,0.02430274,0.02330942,0.01508379
4/25/2017 14:59,-0.014438776,0.012358962,0.0133686,0.01327504,0.01313105,0.01291413,0.01238341,0.008012964
4/25/2017 15:59,-0.008061224,0.006634032,0.007186004,0.007130045,0.007046891,0.006924759,0.006635348,0.004291982
4/25/2017 16:59,-0.007278912,0.005929817,0.006423262,0.006373118,0.006298639,0.006189458,0.005931021,0.00383664
4/25/2017 17:59,0.006853741,-0.006853889,-0.007418982,-0.007367074,-0.007286964,-0.007163953,-0.006858455,-0.004429942
4/25/2017 18:59,0.013945578,-0.013355368,-0.01446407,-0.01435834,-0.01419662,-0.01395156,-0.01335598,-0.008629115
4/25/2017 19:59,0.021139456,-0.020001914,-0.02166673,-0.02150418,-0.0212574,-0.02088785,-0.02000017,-0.01292537
4/25/2017 20:59,0.036122449,-0.033943163,-0.03676917,-0.036488,-0.03606554,-0.03544018,-0.03394429,-0.02194267
4/25/2017 21:59,0.038452381,-0.036330469,-0.03935066,-0.03904797,-0.0385968,-0.03793256,-0.03634052,-0.02349532
4/25/2017 22:59,0.039217687,-0.037242643,-0.04033275,-0.04002276,-0.03956313,-0.0388874,-0.03726165,-0.02409289
4/25/2017 23:59,0.046122449,-0.043936549,-0.04757356,-0.04721057,-0.04667344,-0.04588236,-0.04396947,-0.02843127
4/26/2017 0:59,0.032517007,-0.031268094,-0.03385361,-0.03359657,-0.03321616,-0.03265485,-0.03129471,-0.02023562
4/26/2017 1:59,0.041683673,-0.04006418,-0.04337055,-0.04304493,-0.04256168,-0.04184603,-0.04010532,-0.025933
4/26/2017 2:59,0.028248299,-0.02738511,-0.0296441,-0.02942233,-0.0290927,-0.02860383,-0.02741426,-0.01772659
4/26/2017 3:59,0.017431973,-0.017139541,-0.01855354,-0.01841475,-0.01820834,-0.01790216,-0.01715758,-0.01109437
4/26/2017 4:59,0.001326531,-0.001858641,-0.002014559,-0.001998062,-0.001974101,-0.001939424,-0.001857666,-0.001200883
4/26/2017 5:59,-0.004897959,0.004022457,0.00435123,0.00432064,0.004274236,0.004204083,0.004029984,0.002605795
4/26/2017 6:59,-0.010544218,0.009328434,0.01009486,0.01002174,0.009911731,0.009746775,0.009341336,0.006039564
4/26/2017 7:59,-0.015544218,0.014037219,0.01519156,0.01508098,0.01491476,0.01466593,0.01405549,0.009087426
4/26/2017 8:59,-0.016989796,0.015354365,0.01661749,0.0164963,0.01631417,0.01604169,0.01537384,0.009939806
4/26/2017 9:59,-0.01920068,0.017386247,0.01881642,0.01867926,0.01847301,0.01816448,0.0174085,0.01125552
4/26/2017 10:59,-0.020204082,0.018277811,0.01978138,0.01963715,0.01942021,0.01909575,0.01830121,0.01183292
4/26/2017 11:59,-0.019710884,0.0177908,0.0192543,0.0191139,0.01890266,0.01858679,0.01781366,0.0115179
4/26/2017 12:59,-0.001717687,0.000992771,0.001077049,0.001067779,0.001054579,0.001035447,0.000990808,0.000640015
4/26/2017 13:59,-0.004659864,0.003756739,0.004067899,0.004037096,0.003991298,0.003923322,0.003758906,0.00243012
4/26/2017 14:59,-0.003673469,0.002823656,0.003058042,0.00303462,0.00299989,0.002948466,0.002824609,0.001826162
4/26/2017 15:59,-0.00372449,0.002866605,0.003104531,0.003080764,0.003045483,0.002993266,0.002867597,0.001854108
4/26/2017 16:59,-0.009778912,0.008512269,0.00921408,0.009145972,0.009043756,0.008891503,0.00852137,0.005510299
4/26/2017 17:59,-0.009081633,0.007852099,0.008499658,0.008436684,0.008342249,0.008201729,0.007860375,0.005082858
4/26/2017 18:59,-0.002993197,0.002188599,0.002370909,0.002352325,0.002324945,0.002284734,0.002188663,0.001415111
4/26/2017 19:59,-0.015459184,0.013773603,0.01490713,0.01479789,0.01463355,0.01438857,0.0137913,0.008918131
4/26/2017 20:59,-0.013554422,0.011990618,0.01297797,0.01288255,0.01273918,0.01252563,0.01200536,0.007763078
4/26/2017 21:59,-0.012040816,0.010577378,0.01144863,0.0113643,0.01123767,0.01104916,0.01059007,0.006847818
4/26/2017 22:59,-0.007704082,0.006549753,0.007090792,0.007037688,0.006958398,0.006840816,0.006555782,0.004238822
4/26/2017 23:59,-0.008741497,0.007494274,0.008112663,0.008052281,0.007961947,0.007827807,0.007501994,0.004850702
4/27/2017 0:59,0.008061224,-0.008139029,-0.008807795,-0.008744814,-0.008648819,-0.008504213,-0.008149839,-0.00526952
4/27/2017 1:59,0.01202381,-0.011857275,-0.01283418,-0.0127407,-0.01259908,-0.01238692,-0.01187028,-0.007675053
4/27/2017 2:59,0.015187075,-0.014840325,-0.01606393,-0.01594607,-0.01576803,-0.01550211,-0.01485592,-0.009605715
4/27/2017 3:59,0.012006803,-0.011865042,-0.01284336,-0.01274888,-0.01260633,-0.01239377,-0.01187775,-0.007680401
4/27/2017 4:59,0.002465986,-0.00291202,-0.003152637,-0.003129228,-0.003093917,-0.003041368,-0.002914526,-0.001884627
4/27/2017 5:59,-0.003248299,0.002419742,0.002618465,0.002599452,0.002570915,0.002528281,0.002423362,0.001566754
4/27/2017 6:59,-0.007942177,0.006792686,0.007351547,0.007297885,0.007217195,0.007096707,0.006801483,0.004397302
4/27/2017 7:59,-0.00664966,0.005580997,0.006040841,0.005996394,0.005929747,0.005830366,0.005587403,0.003612139
4/27/2017 8:59,-0.013605442,0.012030126,0.01302079,0.01292545,0.01278205,0.01256795,0.01204446,0.007787002
4/27/2017 9:59,-0.011360544,0.00993356,0.0107524,0.01067324,0.01055435,0.01037701,0.009944358,0.006429219
4/27/2017 10:59,-0.009234694,0.007953106,0.008609371,0.008545637,0.008450033,0.008307568,0.007960874,0.005146975
4/27/2017 11:59,0.00585034,-0.006069309,-0.006567422,-0.006520852,-0.00644979,-0.006342712,-0.006078035,-0.00392919
4/27/2017 12:59,-0.000612245,-5.07E-05,-5.27864E-05,-5.35112E-05,-5.40822E-05,-5.44252E-05,-5.34588E-05,-3.47224E-05
4/27/2017 13:59,0.010527211,-0.010466124,-0.01132924,-0.01124695,-0.0111222,-0.01093484,-0.01047587,-0.006771329
4/27/2017 14:59,0.015136054,-0.014794596,-0.01601615,-0.01589875,-0.01572114,-0.01545509,-0.01480698,-0.009571774
4/27/2017 15:59,0.008826531,-0.008894448,-0.009628966,-0.009558368,-0.009451529,-0.009291522,-0.008901786,-0.005754245
4/27/2017 16:59,0.007687075,-0.007838483,-0.008486114,-0.008423844,-0.008329616,-0.008188492,-0.007844491,-0.005070354
4/27/2017 17:59,0.01372449,-0.013517207,-0.01463481,-0.014527,-0.01436401,-0.01412017,-0.01352654,-0.008743182
4/27/2017 18:59,-0.004965986,0.004040463,0.004374373,0.004341474,0.004292363,0.004219777,0.004043991,0.002615202
4/27/2017 19:59,-0.002823129,0.002030281,0.002199007,0.002181905,0.002156655,0.002119666,0.002030907,0.001313367
4/27/2017 20:59,-0.002789116,0.002012234,0.002179555,0.00216253,0.002137443,0.002100747,0.002012781,0.00130159
4/27/2017 21:59,0.000170068,-0.00076438,-0.000825538,-0.000820674,-0.000812676,-0.000799967,-0.000767362,-0.000496174
4/27/2017 22:59,-0.00202381,0.001304724,0.001413958,0.00140243,0.001385714,0.001361561,0.001304253,0.00084327
4/27/2017 23:59,-0.005748299,0.004771904,0.00516599,0.005127191,0.00506935,0.004983892,0.004776602,0.003088683
4/28/2017 0:59,0.011887755,-0.011813566,-0.01278877,-0.01269472,-0.01255249,-0.01233994,-0.0118243,-0.007645032
4/28/2017 1:59,0.018792517,-0.018347431,-0.01986242,-0.01971542,-0.01949386,-0.01916387,-0.01836429,-0.01187411
4/28/2017 2:59,0.006037415,-0.006301487,-0.006822264,-0.006771508,-0.006695081,-0.006581401,-0.00630683,-0.004078013
4/28/2017 3:59,0.005918367,-0.00619816,-0.006710123,-0.006660211,-0.006585095,-0.00647347,-0.006203864,-0.004011729
4/28/2017 4:59,-0.004846939,0.00394738,0.004271939,0.004240663,0.004193831,0.004124089,0.003952899,0.002555745
4/28/2017 5:59,-0.014132653,0.012641104,0.01368148,0.01358124,0.01343072,0.0132064,0.01265726,0.00818354
4/28/2017 6:59,-0.013095238,0.011664089,0.01262461,0.01253188,0.01239273,0.01218538,0.01167827,0.007550345
4/28/2017 7:59,-0.016904762,0.015190436,0.01644121,0.01632066,0.01613953,0.01586944,0.01520895,0.009833131
4/28/2017 8:59,-0.012704082,0.011267603,0.01219608,0.0121063,0.01197157,0.01177078,0.01128046,0.007293031
4/28/2017 9:59,-0.010204082,0.008914247,0.009649481,0.009578103,0.009471132,0.009311836,0.008923556,0.005769188
4/28/2017 10:59,-0.009778912,0.008514338,0.009216759,0.009148525,0.009046223,0.008893874,0.00852295,0.005510417
4/28/2017 11:59,-0.003979592,0.003113064,0.003371701,0.003345775,0.003307342,0.003250542,0.003113913,0.002013112
4/28/2017 12:59,-0.003554422,0.002708307,0.002934002,0.002911098,0.00287724,0.002827361,0.002708135,0.001750905
4/28/2017 13:59,0.001479592,-0.002007099,-0.002170041,-0.002155702,-0.002133346,-0.002099046,-0.002012204,-0.001300486
4/28/2017 14:59,2.89E-03,-0.003324585,-0.003596795,-0.003571903,-0.003533616,-0.003475345,-0.00333001,-0.002151909
4/28/2017 15:59,0.008588435,-0.008680071,-0.009396448,-0.009328528,-0.009225204,-0.009069365,-0.00868695,-0.005613828
4/28/2017 16:59,0.014013605,-0.013831295,-0.01497558,-0.01486569,-0.01469904,-0.01444876,-0.01383916,-0.008944188
4/28/2017 17:59,0.017329932,-0.017013116,-0.01842213,-0.01828565,-0.01807918,-0.01777032,-0.01702169,-0.01100219
4/28/2017 18:59,0.009506803,-0.009613561,-0.01040964,-0.01033233,-0.01021547,-0.01004087,-0.009618929,-0.006217888
4/28/2017 19:59,0.015306122,-0.015139674,-0.01639362,-0.01627098,-0.01608627,-0.01581143,-0.0151485,-0.009793431
4/28/2017 20:59,0.013486395,-0.013420308,-0.01453131,-0.01442242,-0.01425869,-0.01401552,-0.01342924,-0.008682659
4/28/2017 21:59,0.00670068,-0.006974617,-0.007551891,-0.007495337,-0.007410249,-0.007283888,-0.006979485,-0.004512748
4/28/2017 22:59,0.003401361,-0.003831868,-0.004148776,-0.004117904,-0.004071273,-0.004001907,-0.003834823,-0.002479643
4/28/2017 23:59,0.002210884,-0.002705236,-0.002928554,-0.002907022,-0.002874308,-0.00282552,-0.0027078,-0.001751105
4/29/2017 0:59,-0.000153061,-0.000446243,-0.000482767,-0.000479609,-0.00047438,-0.000466312,-0.000446911,-0.000289234
4/29/2017 1:59,-0.008690476,0.007615944,0.008242965,0.008182091,0.008091214,0.007956209,0.007625635,0.004930379
4/29/2017 2:59,-0.002465986,0.001735582,0.001878811,0.001864579,0.001843708,0.001812916,0.001737504,0.001123077
4/29/2017 3:59,-0.011496599,0.010253243,0.01109722,0.01101561,0.01089347,0.01071166,0.01026632,0.006637531
4/29/2017 4:59,-0.016411565,0.014864197,0.01608748,0.01596953,0.01579264,0.01552902,0.01488327,0.009622588
4/29/2017 5:59,-0.01457483,0.013111805,0.0141911,0.01408701,0.01393089,0.01369819,0.0131283,0.008487738
4/29/2017 6:59,-0.010578231,0.009341499,0.01011098,0.01003655,0.009925065,0.009758974,0.009352595,0.006046362
4/29/2017 7:59,-0.015221088,0.013675592,0.0148012,0.01469289,0.01453018,0.01428736,0.01369273,0.008852626
4/29/2017 8:59,-0.004302721,0.003445139,0.00372994,0.003701911,0.003660268,0.003598446,0.003447987,0.002228768
4/29/2017 9:59,0.000102041,-0.000690324,-0.000745506,-0.000741031,-0.000733679,-0.000722278,-0.000693162,-0.000448651
4/29/2017 10:59,0.001122449,-0.001658036,-0.001793056,-0.001780858,-0.001761941,-0.001733295,-0.001661857,-0.001074656
4/29/2017 11:59,-0.004846939,0.003937317,0.00426261,0.004230824,0.004183271,0.004112493,0.003940565,0.002547847
4/29/2017 12:59,0.006207483,-0.006473423,-0.007006472,-0.006955905,-0.006879213,-0.006764038,-0.006480575,-0.00418869
4/29/2017 13:59,-0.002346939,0.001612295,0.00174655,0.00173296,0.001712847,0.001683207,0.001612247,0.001042565
4/29/2017 14:59,0.000612245,-0.001179389,-0.001275149,-0.001266697,-0.001253523,-0.00123332,-0.001182465,-0.000764224
4/29/2017 15:59,-0.006088435,0.005118393,0.005541566,0.005499977,0.005437767,0.005345527,0.00512248,0.003312437
4/29/2017 16:59,-0.00702381,0.005988584,0.006483814,0.00643507,0.006362192,0.006254204,0.005993291,0.003875539
4/29/2017 17:59,-0.016360544,0.014736211,0.0159508,0.01583301,0.015656,0.01539267,0.01475299,0.009540119
4/29/2017 18:59,-0.022193878,0.020137079,0.02179472,0.02163491,0.02139423,0.0210356,0.02016257,0.01303854
4/29/2017 19:59,-0.017261905,0.015524476,0.01680378,0.0166798,0.01649347,0.01621619,0.01554249,0.01005067
4/29/2017 20:59,-0.026394558,0.023992987,0.02596659,0.02577696,0.02549105,0.02506458,0.02402514,0.01553648
4/29/2017 21:59,-0.027993197,0.025430879,0.0275223,0.02732159,0.02701885,0.02656705,0.02546545,0.01646793
4/29/2017 22:59,-0.021666667,0.019505617,0.02111119,0.02095646,0.02072342,0.02037601,0.01953038,0.01262967
4/29/2017 23:59,-0.021326531,0.019159714,0.02073672,0.02058478,0.02035592,0.0200147,0.01918417,0.01240584
4/30/2017 0:59,-0.019370748,0.017329023,0.01875578,0.01861812,0.01841085,0.01810197,0.01735063,0.01122012
4/30/2017 1:59,-0.01744898,0.015535791,0.01681535,0.01669168,0.01650559,0.01622841,0.01555464,0.01005867
4/30/2017 2:59,-0.033588435,0.030375984,0.03285391,0.03262596,0.03227589,0.03174717,0.03044061,0.01969009
4/30/2017 3:59,-0.020510204,0.018287047,0.01979196,0.01964711,0.01942881,0.01910324,0.01831069,0.01184109
4/30/2017 4:59,-0.015595238,0.013742931,0.0148755,0.01476575,0.01460075,0.01435513,0.01375879,0.008897259
4/30/2017 5:59,-0.024744898,0.02213556,0.02395624,0.02378141,0.02351769,0.02312414,0.02216539,0.01433396
4/30/2017 6:59,-0.023452381,0.02092184,0.02264309,0.02247764,0.02222814,0.02185591,0.02094953,0.01354768
4/30/2017 7:59,-0.023520408,0.020965644,0.02269021,0.02252459,0.02227471,0.02190182,0.02099371,0.01357644
4/30/2017 8:59,-0.030255102,0.027094506,0.0292995,0.0290993,0.02878995,0.02832095,0.02715809,0.01756874
4/30/2017 9:59,-0.027142857,0.024202691,0.0261747,0.02599452,0.02571675,0.02529633,0.02425668,0.01569175
4/30/2017 10:59,-0.023044218,0.020431977,0.0221042,0.02194775,0.02170885,0.02134963,0.02046889,0.01324035
4/30/2017 11:59,-0.019438776,0.017135796,0.01854802,0.01841106,0.01820495,0.01789817,0.0171555,0.01109536
4/30/2017 12:59,-0.021802721,0.019276019,0.02085737,0.02070743,0.02047957,0.02013834,0.01930668,0.01248887
4/30/2017 13:59,-0.024727891,0.021933939,0.02372394,0.02355866,0.02330459,0.02292136,0.02197983,0.01422081
4/30/2017 14:59,-0.023554422,0.020826894,0.02252675,0.02236959,0.02212807,0.02176397,0.02087033,0.01350347
4/30/2017 15:59,-0.020493197,0.018039829,0.01951809,0.01937848,0.01916575,0.01884701,0.01807066,0.0116913
4/30/2017 16:59,-0.026360544,0.023348407,0.02524849,0.02507521,0.02480733,0.02440218,0.02340395,0.01514477
4/30/2017 17:59,-0.028622449,0.025384824,0.02744673,0.02726049,0.02697143,0.02653316,0.02544987,0.01646957
4/30/2017 18:59,-0.026479592,0.023422911,0.02532699,0.02515422,0.02488658,0.02448134,0.02348119,0.01519533
4/30/2017 19:59,-0.026445578,0.023370111,0.02526886,0.02509703,0.02483058,0.02442689,0.02342955,0.01516205
4/30/2017 20:59,-0.026037415,0.02297642,0.02484259,0.02467397,0.02441235,0.02401586,0.02303561,0.01490713
4/30/2017 21:59,-0.023333333,0.020519433,0.02218776,0.02203618,0.02180154,0.02144652,0.02057029,0.01331138
4/30/2017 22:59,-0.023928571,0.021045543,0.02275603,0.02260089,0.0223606,0.02199689,0.02109849,0.01365316
4/30/2017 23:59,-0.023554422,0.020700071,0.02238236,0.02222984,0.02199357,0.02163595,0.0207523,0.01342906
